siRNA,mRNA,efficacy
A1890,XM_214061,0.722
A10,BD135193,0.511
A2107,NM_012864,0.911
A492,XM_371822,0.639
T316,EGFP,0.346
A306,NM_003969,0.822
A1073,NM_014176,0.605
T348,EGFP,0.443
B233,M60857,0.705
A2420,NM_002559,0.728
A1607,NM_006357,0.52
A716,NM_003344,0.958
A1596,NM_006357,0.287
T47,EGFP,0.768
T555,EGFP,0.338
A797,NM_003345,0.893
T81,EGFP,0.495
T642,EGFP,0.611
S16,NM_001530,0.89
A518,NM_015213,0.419
B266,M60857,0.073
T657,EGFP,0.745
S220,NM_001098540,0.52
A2221,NM_005450,0.405
A1274,NM_005339,0.792
A1152,NM_001001481,1.04
A419,XM_371822,0.711
A2046,NM_012864,0.657
T242,EGFP,0.765
T258,EGFP,0.866
A1937,NM_017346,0.49
A598,NM_015213,0.608
A1950,NM_017346,0.399
S186,NM_000189,0.82
A1609,NM_006357,0.732
A1205,NM_016021,0.785
A2361,NM_002559,0.969
A53,BD135193,0.825
A1111,NM_014176,0.758
B58,U47298,0.919
A59,BD135193,0.825
A2102,NM_012864,0.66
A571,NM_015213,0.695
A962,NM_004223,0.873
A1451,NM_003348,0.848
A77,NM_004359,0.737
A1005,NM_016406,0.957
B50,U47298,0.23
T554,EGFP,0.566
T597,EGFP,0.758
A334,NM_003969,0.575
A1951,NM_017346,0.821
A2282,NM_007019,0.797
B150,U47298,0.661
A472,XM_371822,0.743
A217,NM_003337,0.751
A1657,NM_021988,0.903
A1853,XM_214061,0.748
T629,EGFP,0.113
T643,EGFP,0.433
A1453,NM_003348,0.436
T610,EGFP,0.518
T384,EGFP,0.517
B248,M60857,0.495
A1427,NM_003348,0.622
T56,EGFP,0.324
A1470,NM_003348,0.816
A800,NM_003345,0.531
S14,NM_001530,0.86
T666,EGFP,0.401
A941,NM_004223,0.712
A1849,XM_214061,0.662
A2201,NM_005450,0.862
A437,XM_371822,0.53
A2325,NM_007019,0.913
A106,NM_004359,0.254
T19,EGFP,0.511
A743,NM_003344,0.756
A2402,NM_002559,0.352
A248,NM_003337,0.46
S87,NM_001530,0.92
A1749,NM_022005,0.845
A1961,NM_017346,0.909
A631,NM_003347,0.701
A1093,NM_014176,0.565
T500,EGFP,0.802
S163,NM_000189,0.78
A686,NM_003344,0.985
A1713,NM_022005,0.928
A281,NM_003337,0.851
T306,EGFP,0.532
A339,NM_003969,0.793
T322,EGFP,0.476
T701,EGFP,0.829
A626,NM_015213,0.547
T625,EGFP,0.824
A796,NM_003345,0.721
A1583,NM_006357,0.585
A2205,NM_005450,0.847
B147,U47298,0.703
A1155,NM_001001481,1.151
A564,NM_015213,0.709
A856,NM_014501,0.631
A486,XM_371822,0.584
A390,XM_371822,0.651
A377,XM_371822,0.75
A257,NM_003337,0.853
A1100,NM_014176,0.899
T102,EGFP,0.362
T292,EGFP,0.604
T575,EGFP,0.365
A332,NM_003969,0.779
A746,NM_003344,0.573
A1238,NM_016021,0.518
A453,XM_371822,0.602
A1525,NM_003342,0.85
T93,EGFP,0.303
A1045,NM_014176,0.97
S238,NM_001098540,0.43
A1674,NM_021988,0.888
T631,EGFP,0.318
T11,EGFP,0.74
T99,EGFP,0.163
B313,X75932,0.55
A265,NM_003337,0.79
T154,EGFP,0.307
A2247,NM_005450,0.741
B32,AH001498,0.98
S101,NM_000189,0.51
T18,EGFP,0.66
A1278,NM_005339,0.812
S158,NM_000189,0.72
A60,BD135193,0.808
A541,NM_015213,0.669
A70,NM_004359,0.827
A1539,NM_003342,0.752
T165,EGFP,0.292
T338,EGFP,0.665
B62,U47298,0.975
A166,NM_003340,0.809
A1143,NM_001001481,0.966
A463,XM_371822,0.367
A449,XM_371822,0.576
A1708,NM_022005,0.858
T646,EGFP,0.291
A2305,NM_007019,0.634
A1066,NM_014176,0.492
B69,U47298,0.989
B220,M60857,0.785
S162,NM_000189,0.7
A1651,NM_021988,0.897
T283,EGFP,0.568
S189,NM_000189,0.72
A2187,NM_025237,0.487
A244,NM_003337,0.694
A513,NM_015213,0.547
A677,NM_003347,0.753
S164,NM_000189,0.72
A1823,XM_214061,0.7
A1311,NM_005339,0.895
A383,XM_371822,0.729
A1157,NM_001001481,0.944
A83,NM_004359,0.584
A1250,NM_005339,0.921
A111,NM_004359,0.449
A900,NM_004223,0.577
B355,U92436,0.3
A2410,NM_002559,0.487
A1334,NM_053656,0.671
A128,NM_003340,0.624
A1336,NM_053656,0.766
S298,NM_001098540,0.89
A1463,NM_003348,0.471
T639,EGFP,0.826
S3,NM_001530,0.56
B132,U47298,0.855
S126,NM_000189,0.56
A532,NM_015213,0.679
A888,NM_014501,0.565
A1934,NM_017346,0.707
A560,NM_015213,0.73
A1600,NM_006357,0.501
A1801,XM_214061,0.992
B190,M60857,0.908
A44,BD135193,0.471
A1087,NM_014176,1.071
T116,EGFP,0.677
S120,NM_000189,0.86
A1304,NM_005339,0.698
A1747,NM_022005,0.708
B187,M60857,0.923
A621,NM_015213,0.686
A141,NM_003340,0.306
B353,U92436,0.73
T562,EGFP,0.038
B373,J03132,0.01
T618,EGFP,0.596
A1571,NM_006357,0.948
A1914,XM_214061,0.599
A2136,NM_025237,0.26
A862,NM_014501,0.316
A1263,NM_005339,0.62
A1432,NM_003348,0.571
T376,EGFP,0.744
A121,NM_004359,0.755
A1011,NM_016406,0.314
A1652,NM_021988,0.63
S108,NM_000189,0.69
A1962,NM_017346,0.637
A1180,NM_001001481,0.926
T580,EGFP,0.625
B407,J03132,0.05
A2146,NM_025237,0.66
T518,EGFP,0.262
B340,U92436,0.62
A1612,NM_006357,0.343
S143,NM_000189,0.55
A1390,NM_053656,0.495
A11,BD135193,0.555
A156,NM_003340,0.32
A857,NM_014501,0.745
A804,NM_003345,0.722
A2048,NM_012864,1.05
A861,NM_014501,0.449
A2056,NM_012864,1.15
A2321,NM_007019,0.672
A1175,NM_001001481,0.949
A328,NM_003969,0.873
T262,EGFP,0.676
T446,EGFP,0.275
A303,NM_003969,0.802
T560,EGFP,0.175
S325,NM_004456,0.76
B347,U92436,0.48
S194,NM_000189,0.61
A865,NM_014501,0.815
T681,EGFP,0.315
A1682,NM_021988,0.888
A1261,NM_005339,0.818
A1671,NM_021988,0.9
T339,EGFP,0.518
A2082,NM_012864,0.223
A2380,NM_002559,0.873
A2036,NM_012864,0.268
A2097,NM_012864,0.796
B70,U47298,0.865
T50,EGFP,0.289
A1456,NM_003348,0.706
A1360,NM_053656,0.614
A3,BD135193,0.514
A509,NM_015213,0.719
A1827,XM_214061,1.02
A2202,NM_005450,0.791
S255,NM_001098540,0.89
A679,NM_003347,0.967
A246,NM_003337,0.626
A1437,NM_003348,0.94
A1863,XM_214061,0.625
B100,U47298,0.947
A939,NM_004223,0.952
A1156,NM_001001481,1.078
A1739,NM_022005,0.812
A1743,NM_022005,0.737
A17,BD135193,0.858
A1007,NM_016406,0.669
T366,EGFP,0.375
A314,NM_003969,0.654
T591,EGFP,0.462
A80,NM_004359,0.524
B282,NM_031313,0.018
A1587,NM_006357,0.661
A1447,NM_003348,0.447
S54,NM_001530,0.84
A1184,NM_001001481,1.091
B29,AH001498,0.96
A618,NM_015213,0.696
A1158,NM_001001481,0.912
A1329,NM_053656,0.447
A1153,NM_001001481,0.535
T238,EGFP,0.51
A2362,NM_002559,1.018
T124,EGFP,0.917
T184,EGFP,0.661
A416,XM_371822,0.793
B211,M60857,0.839
A1197,NM_016021,0.624
S193,NM_000189,0.94
A512,NM_015213,0.705
T202,EGFP,0.718
A1592,NM_006357,0.914
A1435,NM_003348,0.759
T139,EGFP,0.218
A1402,NM_003348,0.602
A2217,NM_005450,0.51
B250,M60857,0.468
T312,EGFP,0.496
A645,NM_003347,0.666
A1013,NM_016406,0.977
T368,EGFP,0.837
T522,EGFP,0.279
A831,NM_014501,0.42
A822,NM_014501,0.44
B82,NM_001632,0.81
T307,EGFP,0.579
A1808,XM_214061,0.448
B329,NM_002046,0.927
A750,NM_003344,0.702
B287,NM_031313,0.624
A1170,NM_001001481,0.975
S36,NM_001530,0.58
S352,NM_001904,0.87
A1788,XM_214061,0.663
S112,NM_000189,0.72
B6,AH001498,0.84
T630,EGFP,0.172
A1899,XM_214061,0.787
A1540,NM_003342,0.361
A2418,NM_002559,0.541
A1866,XM_214061,0.904
A1919,XM_214061,0.676
T74,EGFP,0.747
A1169,NM_001001481,0.961
A1419,NM_003348,0.613
T181,EGFP,0.57
B167,U47298,0.321
T453,EGFP,0.605
T539,EGFP,0.782
A1780,XM_214061,0.913
A1380,NM_053656,0.504
A563,NM_015213,0.497
A1640,NM_021988,0.841
A1434,NM_003348,0.856
A2025,NM_012864,0.897
A1675,NM_021988,0.58
A2332,NM_007019,0.772
S201,NM_001098540,0.81
B73,U47298,0.529
A742,NM_003344,0.955
T667,EGFP,0.283
B416,NM_001632,0.547
T434,EGFP,0.914
A1884,XM_214061,0.669
A1737,NM_022005,0.444
B400,J03132,0.24
B145,U47298,0.738
A2370,NM_002559,0.612
S85,NM_001530,0.75
A659,NM_003347,0.32
B78,U47298,0.956
B285,NM_031313,0.06
A2236,NM_005450,0.705
A904,NM_004223,0.548
S228,NM_001098540,0.48
A69,NM_004359,0.69
B151,U47298,0.643
A2147,NM_025237,0.643
A738,NM_003344,0.995
A966,NM_004223,0.883
T83,EGFP,0.342
A2353,NM_002559,0.929
A205,NM_003337,0.492
A745,NM_003344,0.841
S205,NM_001098540,0.46
A1591,NM_006357,0.492
T43,EGFP,0.314
A1137,NM_001001481,0.884
S2,NM_001530,0.68
T581,EGFP,0.868
A160,NM_003340,0.744
A1183,NM_001001481,0.736
A171,NM_003340,0.949
A793,NM_003345,0.825
T115,EGFP,0.391
A1767,NM_022005,0.908
A2004,NM_012864,0.525
B42,AH001498,0.96
B133,U47298,0.841
T410,EGFP,0.646
S80,NM_001530,0.91
A798,NM_003345,0.631
A1932,NM_017346,0.44
A1149,NM_001001481,1.126
T196,EGFP,0.557
A825,NM_014501,0.579
A1889,XM_214061,0.993
A2139,NM_025237,0.629
A109,NM_004359,0.367
A1518,NM_003342,0.55
A2229,NM_005450,0.83
B112,U47298,0.917
B48,U47298,0.076
B124,U47298,0.885
T265,EGFP,0.176
B376,J03132,0.18
T287,EGFP,0.748
A2246,NM_005450,0.709
A844,NM_014501,0.694
B40,AH001498,0.83
B364,U92436,0.25
T310,EGFP,0.7
A1741,NM_022005,0.679
A1522,NM_003342,0.295
T517,EGFP,0.201
A1328,NM_053656,0.512
B256,M60857,0.397
B380,J03132,0.21
T352,EGFP,0.514
A1955,NM_017346,0.164
A410,XM_371822,0.779
A1049,NM_014176,1.13
A312,NM_003969,0.795
B245,M60857,0.52
B188,M60857,0.923
A1502,NM_003342,0.861
A2209,NM_005450,0.771
A2062,NM_012864,0.475
B207,M60857,0.849
A49,BD135193,0.544
T220,EGFP,0.407
B395,J03132,0.5
A794,NM_003345,0.78
A1018,NM_016406,0.719
T439,EGFP,0.731
T511,EGFP,0.221
A1206,NM_016021,0.479
T345,EGFP,0.253
A1555,NM_006357,0.552
A1847,XM_214061,0.14
T71,EGFP,0.681
A1181,NM_001001481,1.118
A1146,NM_001001481,1.043
A153,NM_003340,0.996
A1294,NM_005339,0.754
A1384,NM_053656,0.349
A273,NM_003337,0.508
A2306,NM_007019,0.844
S59,NM_001530,0.88
A1368,NM_053656,0.403
A1803,XM_214061,1.047
A1922,XM_214061,0.948
S323,NM_002467,0.8
A891,NM_014501,0.617
A1362,NM_053656,0.813
A1564,NM_006357,0.563
T550,EGFP,0.305
A27,BD135193,0.552
B331,NM_002046,0.924
T514,EGFP,0.299
B237,M60857,0.664
A96,NM_004359,0.232
T563,EGFP,0.102
A883,NM_014501,0.357
B341,U92436,0.2
A2371,NM_002559,0.822
B251,M60857,0.459
T588,EGFP,0.527
A593,NM_015213,0.424
A1974,NM_012864,0.547
B59,U47298,0.373
T313,EGFP,0.506
T340,EGFP,0.386
S197,NM_000189,0.78
A58,BD135193,0.616
T590,EGFP,0.904
B60,U47298,0.949
A968,NM_016406,0.93
T697,EGFP,0.737
A1608,NM_006357,0.672
A661,NM_003347,0.594
B267,M60857,0.028
T592,EGFP,0.524
B264,M60857,0.138
S18,NM_001530,0.77
T132,EGFP,0.681
B386,J03132,0.05
A1418,NM_003348,0.779
A192,NM_003340,0.907
A1691,NM_021988,0.845
S78,NM_001530,0.91
A289,NM_003969,0.641
A1023,NM_016406,0.689
A1586,NM_006357,0.699
S31,NM_001530,0.87
A964,NM_004223,0.761
A2172,NM_025237,0.643
A2088,NM_012864,1.08
A55,BD135193,0.754
B204,M60857,0.865
A1282,NM_005339,0.532
A1662,NM_021988,0.638
B294,U47296,0.347
T669,EGFP,0.335
B75,U47298,0.945
T680,EGFP,0.297
A884,NM_014501,0.416
A668,NM_003347,0.659
A2167,NM_025237,0.548
S329,NM_004456,0.79
B361,U92436,0.4
A890,NM_014501,0.472
A1403,NM_003348,0.917
T189,EGFP,0.743
T33,EGFP,0.426
A1661,NM_021988,0.568
A1312,NM_005339,0.551
A251,NM_003337,0.482
A317,NM_003969,0.861
A424,XM_371822,0.868
A393,XM_371822,0.595
A780,NM_003345,0.81
A2343,NM_002559,0.677
A1068,NM_014176,0.848
A1014,NM_016406,0.322
T573,EGFP,0.14
A1119,NM_001001481,0.887
A2012,NM_012864,1.017
A394,XM_371822,0.774
T222,EGFP,0.397
T278,EGFP,0.678
A1862,XM_214061,0.826
A2238,NM_005450,0.552
A561,NM_015213,0.625
A751,NM_003344,0.715
A1069,NM_014176,1.026
A1160,NM_001001481,0.95
A215,NM_003337,0.838
A305,NM_003969,0.497
A222,NM_003337,0.687
A511,NM_015213,0.419
A988,NM_016406,1.173
A1321,NM_053656,0.517
A1385,NM_053656,0.695
A719,NM_003344,0.465
T647,EGFP,0.387
T353,EGFP,0.756
T191,EGFP,0.558
A1426,NM_003348,0.863
A150,NM_003340,0.981
A623,NM_015213,0.559
T334,EGFP,0.581
A1009,NM_016406,0.435
T187,EGFP,0.452
A1308,NM_005339,0.548
S257,NM_001098540,0.95
B384,J03132,0.58
A870,NM_014501,0.404
A491,XM_371822,0.739
A1645,NM_021988,0.47
A829,NM_014501,0.364
A1052,NM_014176,0.738
A1445,NM_003348,0.795
A1938,NM_017346,0.815
A1020,NM_016406,0.78
A1517,NM_003342,0.877
A997,NM_016406,0.801
B30,AH001498,0.92
A1644,NM_021988,0.898
B232,M60857,0.712
A649,NM_003347,0.6
A1990,NM_012864,0.622
T615,EGFP,0.806
A1958,NM_017346,0.94
A369,XM_371822,0.55
A1512,NM_003342,0.359
A26,BD135193,0.757
A1218,NM_016021,0.731
A2114,NM_012864,0.722
S73,NM_001530,0.92
T395,EGFP,0.686
A1748,NM_022005,0.598
A1386,NM_053656,0.646
T94,EGFP,0.387
T534,EGFP,0.344
A926,NM_004223,0.657
A1527,NM_003342,0.734
A271,NM_003337,0.564
A1831,XM_214061,0.701
T623,EGFP,0.811
S204,NM_001098540,0.92
A116,NM_004359,0.737
A218,NM_003337,0.714
A938,NM_004223,0.859
T564,EGFP,0.334
T63,EGFP,0.579
A2021,NM_012864,0.326
A2275,NM_007019,0.942
A2064,NM_012864,0.613
S64,NM_001530,0.4
A669,NM_003347,0.718
A2063,NM_012864,0.94
A1191,NM_001001481,0.993
B262,M60857,0.163
T329,EGFP,0.874
A1025,NM_016406,0.784
A2232,NM_005450,0.411
A1128,NM_001001481,0.932
T3,EGFP,0.602
A1031,NM_016406,1.066
A2269,NM_007019,0.896
A791,NM_003345,0.922
A1298,NM_005339,0.642
A921,NM_004223,0.896
A1302,NM_005339,0.669
A136,NM_003340,0.984
B242,M60857,0.584
A2396,NM_002559,0.597
A214,NM_003337,0.804
A481,XM_371822,0.521
A1030,NM_016406,0.752
A554,NM_015213,0.576
T685,EGFP,0.244
A772,NM_003345,0.478
A1944,NM_017346,0.849
A1047,NM_014176,0.994
T286,EGFP,0.726
S97,NM_001530,0.87
A108,NM_004359,0.251
T694,EGFP,0.334
T419,EGFP,0.777
A1824,XM_214061,0.627
A2384,NM_002559,0.903
A2045,NM_012864,1.095
T171,EGFP,0.243
B15,AH001498,0.96
A185,NM_003340,0.52
A50,BD135193,0.856
A2414,NM_002559,0.42
A455,XM_371822,0.595
T691,EGFP,0.091
A137,NM_003340,0.961
T490,EGFP,0.568
A99,NM_004359,0.813
T601,EGFP,0.647
A25,BD135193,0.389
A1503,NM_003342,0.853
A1131,NM_001001481,1.042
S317,NM_002467,0.3
B181,M60857,0.939
S13,NM_001530,0.9
T396,EGFP,0.407
S203,NM_001098540,0.91
B171,U47298,0.184
A2331,NM_007019,0.464
B17,AH001498,0.91
A436,XM_371822,0.397
S11,NM_001530,0.75
S55,NM_001530,0.89
B21,AH001498,0.96
T17,EGFP,0.501
A2016,NM_012864,0.902
A766,NM_003345,0.56
B164,U47298,0.387
A112,NM_004359,0.58
A45,BD135193,0.868
A458,XM_371822,0.468
A515,NM_015213,0.474
A790,NM_003345,0.681
A1240,NM_016021,0.552
A1956,NM_017346,0.737
T190,EGFP,0.671
A1443,NM_003348,1.0
A1735,NM_022005,0.456
A1769,NM_022005,0.875
A1677,NM_021988,0.963
A1074,NM_014176,0.849
A847,NM_014501,0.715
A683,NM_003344,0.772
A1154,NM_001001481,0.82
A1211,NM_016021,0.887
A911,NM_004223,0.597
A1830,XM_214061,0.757
T131,EGFP,0.79
B20,AH001498,0.96
B148,U47298,0.681
T337,EGFP,0.69
B101,U47298,0.946
S234,NM_001098540,0.61
A57,BD135193,0.928
A755,NM_003345,0.895
A1667,NM_021988,0.631
A1097,NM_014176,1.141
A1103,NM_014176,0.574
A1792,XM_214061,0.555
A2357,NM_002559,0.238
A876,NM_014501,0.365
A482,XM_371822,0.725
T357,EGFP,0.641
B56,U47298,0.931
A570,NM_015213,0.544
A1636,NM_021988,0.753
A1580,NM_006357,0.756
B139,U47298,0.786
A671,NM_003347,1.099
A1448,NM_003348,0.369
A2364,NM_002559,0.989
T655,EGFP,0.308
A6,BD135193,0.442
A209,NM_003337,0.787
T75,EGFP,0.842
A1759,NM_022005,0.855
A489,XM_371822,0.278
A1367,NM_053656,0.236
B168,U47298,0.299
T259,EGFP,0.461
T371,EGFP,0.52
A1476,NM_003342,0.943
A1911,XM_214061,0.779
A2426,NM_002559,0.162
A1578,NM_006357,0.589
A1822,XM_214061,0.699
T52,EGFP,0.593
T271,EGFP,0.383
A1060,NM_014176,0.835
T152,EGFP,0.462
A1309,NM_005339,0.742
A1070,NM_014176,1.062
A616,NM_015213,0.805
A337,NM_003969,0.77
A1860,XM_214061,0.825
A2142,NM_025237,0.518
A843,NM_014501,0.76
A1410,NM_003348,0.78
A730,NM_003344,1.016
A537,NM_015213,0.584
A1382,NM_053656,0.785
B162,U47298,0.392
T369,EGFP,0.727
S63,NM_001530,0.84
T251,EGFP,0.439
A1771,NM_022005,0.584
A914,NM_004223,0.5
A23,BD135193,0.736
A88,NM_004359,0.412
A739,NM_003344,0.34
A1542,NM_003342,0.876
T100,EGFP,0.393
B394,J03132,0.75
A1624,NM_006357,0.524
A1244,NM_005339,0.738
A2033,NM_012864,1.018
A655,NM_003347,0.525
A1685,NM_021988,0.861
A1687,NM_021988,0.599
S272,NM_001098540,0.92
A104,NM_004359,0.726
A471,XM_371822,0.677
B80,U47298,0.423
T416,EGFP,0.9
A1394,NM_053656,0.852
A2400,NM_002559,0.372
S216,NM_001098540,0.48
A143,NM_003340,0.92
B3,AH001498,0.8
A178,NM_003340,1.045
A572,NM_015213,0.578
S168,NM_000189,0.8
B254,M60857,0.418
A953,NM_004223,0.495
A1414,NM_003348,0.642
T315,EGFP,0.534
S192,NM_000189,0.85
S331,NM_004456,0.76
T217,EGFP,0.336
A1006,NM_016406,1.216
B265,M60857,0.076
T529,EGFP,0.569
A1297,NM_005339,0.695
B199,M60857,0.879
A1984,NM_012864,0.738
B315,X75932,0.725
A1879,XM_214061,0.533
A255,NM_003337,0.801
A2335,NM_007019,0.869
A2298,NM_007019,0.757
A379,XM_371822,0.759
A1081,NM_014176,0.799
A1753,NM_022005,0.341
A87,NM_004359,0.565
A1420,NM_003348,0.702
S152,NM_000189,0.96
A1236,NM_016021,0.681
A1318,NM_005339,0.889
S67,NM_001530,0.89
A22,BD135193,0.684
A1041,NM_014176,0.83
A403,XM_371822,0.742
B235,M60857,0.68
A1898,XM_214061,0.884
A2223,NM_005450,0.833
B224,M60857,0.761
A1220,NM_016021,0.705
A2408,NM_002559,0.796
A759,NM_003345,0.888
B411,J03132,0.48
T173,EGFP,0.51
S305,NM_001098540,0.65
A2038,NM_012864,0.631
A2268,NM_007019,0.78
A2349,NM_002559,0.949
A2011,NM_012864,0.758
A225,NM_003337,0.743
T97,EGFP,0.306
A1389,NM_053656,0.542
T244,EGFP,0.758
A1330,NM_053656,0.464
A261,NM_003337,0.467
B7,AH001498,0.82
A737,NM_003344,0.678
A2042,NM_012864,0.959
T687,EGFP,0.261
A1758,NM_022005,0.9
T209,EGFP,0.871
A1028,NM_016406,0.889
S319,NM_002467,0.36
A2271,NM_007019,0.761
T5,EGFP,0.651
A114,NM_004359,0.298
T45,EGFP,0.339
A1067,NM_014176,1.145
A2395,NM_002559,0.554
B165,U47298,0.359
S150,NM_000189,0.39
B10,AH001498,0.96
A1806,XM_214061,0.332
A1579,NM_006357,0.438
A78,NM_004359,0.59
A814,NM_003345,0.854
A982,NM_016406,0.772
A2391,NM_002559,0.86
S320,NM_002467,0.51
A456,XM_371822,0.357
A516,NM_015213,0.444
S249,NM_001098540,0.92
A1265,NM_005339,0.892
T300,EGFP,0.575
T344,EGFP,0.326
A473,XM_371822,0.584
A1202,NM_016021,0.788
A1620,NM_006357,0.712
A2416,NM_002559,0.164
B209,M60857,0.847
A1633,NM_006357,0.53
T497,EGFP,0.8
A834,NM_014501,0.55
A411,XM_371822,0.916
A1766,NM_022005,0.767
T448,EGFP,0.336
S171,NM_000189,0.79
A762,NM_003345,0.904
A1850,XM_214061,0.514
T274,EGFP,0.687
A817,NM_014501,0.713
A1811,XM_214061,0.659
A98,NM_004359,0.423
T319,EGFP,0.522
A226,NM_003337,0.815
A734,NM_003344,0.5
S269,NM_001098540,0.94
T207,EGFP,0.736
A706,NM_003344,0.502
A1673,NM_021988,0.95
A353,NM_003969,0.736
A948,NM_004223,0.516
A1237,NM_016021,0.536
T404,EGFP,0.844
A1396,NM_053656,0.693
T698,EGFP,0.767
T405,EGFP,0.77
A839,NM_014501,0.4
A197,NM_003340,0.937
A2412,NM_002559,0.419
A2276,NM_007019,0.888
T385,EGFP,0.196
T593,EGFP,0.629
T331,EGFP,0.474
A2286,NM_007019,0.321
A1641,NM_021988,0.826
A1715,NM_022005,0.859
B95,U47298,0.955
A385,XM_371822,0.719
A789,NM_003345,0.502
A718,NM_003344,0.86
S22,NM_001530,0.9
T138,EGFP,0.131
A208,NM_003337,0.463
A625,NM_015213,0.758
A110,NM_004359,0.659
T504,EGFP,0.292
A426,XM_371822,0.247
T9,EGFP,0.423
A1248,NM_005339,0.778
A2197,NM_005450,0.563
A1048,NM_014176,0.859
A733,NM_003344,0.642
A811,NM_003345,0.488
A270,NM_003337,0.55
B387,J03132,0.35
A809,NM_003345,0.818
T41,EGFP,0.641
A254,NM_003337,0.777
A1239,NM_016021,0.48
A1881,XM_214061,0.871
A1187,NM_001001481,0.75
A384,XM_371822,0.49
T596,EGFP,0.98
S182,NM_000189,0.94
A1623,NM_006357,0.359
B205,M60857,0.864
A848,NM_014501,0.706
A2287,NM_007019,0.42
A440,XM_371822,0.402
T69,EGFP,0.418
A692,NM_003344,0.786
S289,NM_001098540,0.71
A1943,NM_017346,0.561
A2105,NM_012864,0.936
B318,NM_002046,0.127
T296,EGFP,0.292
A1781,XM_214061,0.703
T414,EGFP,0.508
T161,EGFP,0.237
A639,NM_003347,0.371
B158,U47298,0.472
A2242,NM_005450,0.826
T112,EGFP,0.453
A1819,XM_214061,0.476
A2226,NM_005450,0.977
A620,NM_015213,0.563
A1275,NM_005339,0.871
A1631,NM_006357,0.692
A2027,NM_012864,0.545
T298,EGFP,0.447
T250,EGFP,0.312
A630,NM_003347,1.016
T561,EGFP,0.128
S62,NM_001530,0.9
A409,XM_371822,0.564
A1421,NM_003348,0.859
B117,U47298,0.901
A264,NM_003337,0.798
A1001,NM_016406,0.522
A1042,NM_014176,1.08
A975,NM_016406,0.352
S226,NM_001098540,0.42
T216,EGFP,0.373
A1621,NM_006357,0.815
A76,NM_004359,0.255
A1802,XM_214061,0.98
A574,NM_015213,0.631
A1912,XM_214061,0.395
T232,EGFP,0.645
T389,EGFP,0.868
T460,EGFP,0.625
T496,EGFP,0.819
A1666,NM_021988,0.961
S129,NM_000189,0.73
A1058,NM_014176,1.14
S89,NM_001530,0.89
A1116,NM_001001481,1.146
A2059,NM_012864,0.939
A2128,NM_025237,0.808
B215,M60857,0.819
B281,NM_031313,0.908
A566,NM_015213,0.618
A1689,NM_021988,0.953
A920,NM_004223,0.318
A125,NM_003340,0.683
A853,NM_014501,0.593
T620,EGFP,0.804
T142,EGFP,0.06
S254,NM_001098540,0.51
A1010,NM_016406,0.96
T253,EGFP,0.374
S131,NM_000189,0.69
A715,NM_003344,1.1
A2041,NM_012864,1.027
A918,NM_004223,0.482
A1003,NM_016406,0.692
A1290,NM_005339,0.724
A196,NM_003340,0.883
A1232,NM_016021,0.56
A2211,NM_005450,0.591
A1613,NM_006357,0.626
A1698,NM_021988,0.458
A1193,NM_016021,0.916
T635,EGFP,0.839
A1053,NM_014176,0.971
A1521,NM_003342,0.764
A2018,NM_012864,0.361
A81,NM_004359,0.534
A181,NM_003340,0.977
A539,NM_015213,0.447
A301,NM_003969,0.697
A972,NM_016406,0.81
A263,NM_003337,0.781
A1618,NM_006357,0.874
A713,NM_003344,0.783
B66,U47298,0.963
A2401,NM_002559,0.759
A565,NM_015213,0.605
A1637,NM_021988,0.951
T6,EGFP,0.445
T437,EGFP,0.919
A1379,NM_053656,0.517
S285,NM_001098540,0.79
T101,EGFP,0.285
A703,NM_003344,0.866
B194,M60857,0.89
T380,EGFP,0.799
A893,NM_014501,0.436
A2266,NM_007019,0.845
T219,EGFP,0.444
A364,XM_371822,0.295
A1842,XM_214061,0.546
B344,U92436,0.52
A1800,XM_214061,0.468
B369,U92436,0.39
A399,XM_371822,0.627
A1762,NM_022005,0.952
T46,EGFP,0.306
A949,NM_004223,0.698
A2316,NM_007019,0.878
T48,EGFP,0.715
S66,NM_001530,0.89
A774,NM_003345,0.596
A2404,NM_002559,0.781
A212,NM_003337,0.842
A2165,NM_025237,0.548
A12,BD135193,0.547
A1971,NM_012864,1.119
A1543,NM_003342,0.71
T677,EGFP,0.269
A1787,XM_214061,0.741
B216,M60857,0.813
T140,EGFP,0.485
A764,NM_003345,0.874
A1750,NM_022005,0.865
T422,EGFP,0.816
A408,XM_371822,0.494
A2170,NM_025237,0.871
B197,M60857,0.884
T542,EGFP,0.792
T567,EGFP,0.351
A1339,NM_053656,0.57
A450,XM_371822,0.564
A2252,NM_005450,0.678
A1530,NM_003342,0.616
B255,M60857,0.417
T82,EGFP,0.395
A1756,NM_022005,0.84
T260,EGFP,0.677
T206,EGFP,0.82
S263,NM_001098540,0.87
T636,EGFP,0.787
A2037,NM_012864,1.053
T62,EGFP,0.5
A1556,NM_006357,0.78
A1106,NM_014176,0.716
A318,NM_003969,0.618
A1188,NM_001001481,0.689
B357,U92436,0.0
A2259,NM_005450,0.72
B359,U92436,0.15
A2288,NM_007019,0.508
A1589,NM_006357,0.734
A1933,NM_017346,0.576
T188,EGFP,0.568
T37,EGFP,0.176
A1277,NM_005339,0.789
A505,NM_015213,0.663
B87,NM_001632,0.85
A691,NM_003344,0.705
A2086,NM_012864,0.957
A1897,XM_214061,0.797
S65,NM_001530,0.52
A782,NM_003345,0.75
A1079,NM_014176,0.808
A987,NM_016406,0.657
A2314,NM_007019,0.474
T95,EGFP,0.335
T355,EGFP,0.508
A2295,NM_007019,0.742
B135,U47298,0.825
A1165,NM_001001481,1.235
A1172,NM_001001481,0.78
A1276,NM_005339,0.587
A1606,NM_006357,0.758
A1789,XM_214061,0.486
A380,XM_371822,0.609
A1422,NM_003348,0.784
B214,M60857,0.829
A1693,NM_021988,0.91
A1970,NM_012864,0.987
A122,NM_004359,0.673
A1855,XM_214061,0.765
A1455,NM_003348,0.872
T1,EGFP,0.547
B129,U47298,0.871
T96,EGFP,0.293
A1173,NM_001001481,0.932
A2355,NM_002559,0.914
B365,U92436,0.32
S306,NM_001098540,0.58
A199,NM_003340,0.5
A2068,NM_012864,1.122
A1991,NM_012864,1.048
T431,EGFP,0.7
A176,NM_003340,0.923
A291,NM_003969,0.671
A2026,NM_012864,0.338
A1127,NM_001001481,0.675
A2162,NM_025237,0.575
A1770,NM_022005,0.858
A38,BD135193,0.788
T402,EGFP,0.553
A540,NM_015213,0.374
A819,NM_014501,0.457
B383,J03132,0.1
S208,NM_001098540,0.33
A744,NM_003344,0.967
A2248,NM_005450,0.469
A329,NM_003969,0.689
A2317,NM_007019,0.769
T252,EGFP,0.51
B372,J03132,0.0
T317,EGFP,0.54
B144,U47298,0.739
A170,NM_003340,0.876
B2,AH001498,0.45
A901,NM_004223,1.077
T268,EGFP,0.442
T40,EGFP,0.34
T672,EGFP,0.253
A1744,NM_022005,0.358
B126,U47298,0.876
S332,NM_004456,0.83
A950,NM_004223,0.64
A931,NM_004223,0.649
A103,NM_004359,0.578
A657,NM_003347,0.743
A1326,NM_053656,0.674
A2008,NM_012864,0.631
A1764,NM_022005,0.949
A147,NM_003340,1.002
A752,NM_003345,0.929
A232,NM_003337,0.839
T374,EGFP,0.8
T445,EGFP,0.646
B53,U47298,0.234
A278,NM_003337,0.611
A709,NM_003344,0.482
A1536,NM_003342,0.842
T462,EGFP,0.632
A783,NM_003345,0.539
A591,NM_015213,0.449
A313,NM_003969,0.625
A932,NM_004223,0.374
A895,NM_004223,0.611
T358,EGFP,0.556
T544,EGFP,0.467
A1064,NM_014176,1.045
B110,U47298,0.926
B94,U47298,0.959
A134,NM_003340,0.952
A1519,NM_003342,0.786
A1340,NM_053656,0.431
A2192,NM_025237,0.635
A840,NM_014501,0.563
A1491,NM_003342,0.811
T230,EGFP,0.707
A1299,NM_005339,0.81
B210,M60857,0.839
A644,NM_003347,0.873
A1490,NM_003342,0.939
A32,BD135193,0.817
S191,NM_000189,0.44
T264,EGFP,0.373
A2216,NM_005450,0.61
A2337,NM_007019,0.975
S303,NM_001098540,0.49
A881,NM_014501,0.451
T570,EGFP,0.404
A2071,NM_012864,1.028
A872,NM_014501,0.54
A235,NM_003337,0.841
A855,NM_014501,0.523
A1965,NM_017346,0.442
T129,EGFP,0.435
T38,EGFP,0.542
A1217,NM_016021,0.567
T390,EGFP,0.629
A1986,NM_012864,0.731
B203,M60857,0.867
B241,M60857,0.589
T463,EGFP,0.908
T644,EGFP,0.617
T421,EGFP,0.742
S105,NM_000189,0.88
S147,NM_000189,0.88
S45,NM_001530,0.87
A558,NM_015213,0.837
A1688,NM_021988,0.523
A1168,NM_001001481,0.835
A2047,NM_012864,0.812
T234,EGFP,0.662
T541,EGFP,0.778
A806,NM_003345,0.345
T145,EGFP,0.038
A673,NM_003347,0.697
A2376,NM_002559,0.649
A1266,NM_005339,0.633
A2360,NM_002559,0.443
A1449,NM_003348,0.83
A885,NM_014501,0.339
A1505,NM_003342,0.621
S72,NM_001530,0.83
A2044,NM_012864,0.967
A1988,NM_012864,0.633
A1655,NM_021988,0.921
A1071,NM_014176,0.804
T686,EGFP,0.628
A1487,NM_003342,1.042
A1725,NM_022005,0.422
S7,NM_001530,0.89
A1392,NM_053656,0.805
B201,M60857,0.874
B230,M60857,0.731
S35,NM_001530,0.89
T8,EGFP,0.756
T267,EGFP,0.394
S243,NM_001098540,0.89
A1981,NM_012864,1.164
A280,NM_003337,0.782
A795,NM_003345,0.524
T60,EGFP,0.709
A398,XM_371822,0.653
A615,NM_015213,0.499
S321,NM_002467,0.52
B18,AH001498,0.98
A1133,NM_001001481,1.215
A1371,NM_053656,0.687
T676,EGFP,0.576
A2326,NM_007019,0.924
A1473,NM_003348,0.974
A2431,NM_002559,0.607
S100,NM_001530,0.38
A2354,NM_002559,0.748
S280,NM_001098540,0.87
T488,EGFP,0.933
A123,NM_004359,0.443
S46,NM_001530,0.85
A498,XM_371822,0.605
A852,NM_014501,0.635
A1200,NM_016021,0.76
B31,AH001498,0.79
A1305,NM_005339,0.561
A1024,NM_016406,0.723
A1075,NM_014176,0.438
A1350,NM_053656,0.567
A577,NM_015213,0.291
T123,EGFP,0.718
A1832,XM_214061,0.722
S118,NM_000189,0.82
A374,XM_371822,0.532
A1441,NM_003348,0.492
A1888,XM_214061,0.58
A51,BD135193,0.835
A2339,NM_007019,0.845
S260,NM_001098540,0.63
T141,EGFP,0.407
A925,NM_004223,0.829
T638,EGFP,0.832
A1182,NM_001001481,0.768
B120,U47298,0.893
A808,NM_003345,0.844
A1397,NM_003348,0.738
S134,NM_000189,0.77
S145,NM_000189,0.89
A295,NM_003969,0.686
A1533,NM_003342,0.395
A635,NM_003347,0.6
A1778,NM_022005,0.542
A132,NM_003340,0.958
A279,NM_003337,0.455
A907,NM_004223,0.438
A2304,NM_007019,0.531
T547,EGFP,0.646
A2392,NM_002559,0.98
B336,U92436,0.0
A2101,NM_012864,1.341
T193,EGFP,0.563
A2250,NM_005450,0.891
A877,NM_014501,0.252
B26,AH001498,0.97
A927,NM_004223,0.613
T148,EGFP,0.047
A1736,NM_022005,0.677
B64,U47298,0.699
A573,NM_015213,0.527
B234,M60857,0.692
A2377,NM_002559,0.818
T665,EGFP,0.329
A533,NM_015213,0.492
A2233,NM_005450,0.551
A1985,NM_012864,0.876
A1650,NM_021988,0.82
T321,EGFP,0.449
S76,NM_001530,0.89
A1034,NM_016406,0.859
T291,EGFP,0.571
T76,EGFP,0.564
T44,EGFP,0.488
A799,NM_003345,0.456
A1548,NM_003342,1.032
B393,J03132,0.62
A405,XM_371822,0.422
A1982,NM_012864,0.996
A2365,NM_002559,0.859
A758,NM_003345,0.489
A503,NM_015213,0.221
A1477,NM_003342,0.79
B221,M60857,0.774
A1903,XM_214061,0.749
A1458,NM_003348,0.541
A1995,NM_012864,0.911
A1939,NM_017346,0.609
A1242,NM_005339,0.766
T351,EGFP,0.384
A151,NM_003340,0.792
A535,NM_015213,0.447
T435,EGFP,0.855
A469,XM_371822,0.585
A2116,NM_012864,0.66
A478,XM_371822,0.292
T502,EGFP,0.368
T536,EGFP,0.741
A2278,NM_007019,0.928
T399,EGFP,0.817
T163,EGFP,0.084
A269,NM_003337,0.835
A342,NM_003969,0.718
A2422,NM_002559,0.086
A213,NM_003337,0.84
B379,J03132,0.1
T484,EGFP,0.771
A2340,NM_007019,0.807
A721,NM_003344,0.984
B385,J03132,0.4
S34,NM_001530,0.63
A1215,NM_016021,0.544
B65,U47298,0.945
S308,NM_001098540,0.76
A294,NM_003969,0.659
A2130,NM_025237,0.688
A2257,NM_005450,0.681
A830,NM_014501,0.491
A1595,NM_006357,0.642
A1834,XM_214061,0.337
A451,XM_371822,0.73
T34,EGFP,0.273
A1405,NM_003348,0.903
A892,NM_014501,0.515
A2073,NM_012864,0.018
A327,NM_003969,0.851
T429,EGFP,0.758
T440,EGFP,0.743
A1593,NM_006357,0.507
A646,NM_003347,0.562
A1969,NM_017346,0.715
T128,EGFP,0.501
A652,NM_003347,0.718
A935,NM_004223,0.436
A1300,NM_005339,0.728
A528,NM_015213,0.978
S264,NM_001098540,0.88
A2381,NM_002559,0.995
T444,EGFP,0.879
A1080,NM_014176,0.75
T670,EGFP,0.291
S278,NM_001098540,0.86
A86,NM_004359,0.743
T297,EGFP,0.314
A1649,NM_021988,0.9
A1920,XM_214061,0.648
S250,NM_001098540,0.85
A446,XM_371822,0.397
T485,EGFP,0.96
A343,NM_003969,0.719
A2424,NM_002559,0.892
T586,EGFP,0.513
S239,NM_001098540,0.08
A1892,XM_214061,0.875
T574,EGFP,0.211
T164,EGFP,0.051
A1672,NM_021988,0.527
S70,NM_001530,0.86
A2345,NM_002559,0.955
A2096,NM_012864,0.862
S274,NM_001098540,0.86
A386,XM_371822,0.711
A1820,XM_214061,0.503
A568,NM_015213,0.744
A1287,NM_005339,0.897
A2374,NM_002559,0.393
A1568,NM_006357,0.452
A373,XM_371822,0.579
T659,EGFP,0.852
A2199,NM_005450,0.661
A2020,NM_012864,0.11
A952,NM_004223,0.635
A607,NM_015213,0.679
A1875,XM_214061,0.455
A1472,NM_003348,0.614
T231,EGFP,0.672
A2352,NM_002559,0.706
A1718,NM_022005,0.706
B418,NM_001632,0.79
A19,BD135193,0.383
T156,EGFP,0.463
S74,NM_001530,0.8
S128,NM_000189,0.26
A1176,NM_001001481,0.389
B161,U47298,0.438
A39,BD135193,0.871
T450,EGFP,0.555
S330,NM_004456,0.84
T558,EGFP,0.194
A346,NM_003969,0.717
A1258,NM_005339,0.667
S75,NM_001530,0.87
S130,NM_000189,0.85
A46,BD135193,0.776
A2210,NM_005450,0.511
T700,EGFP,0.684
A2324,NM_007019,0.602
S271,NM_001098540,0.94
A316,NM_003969,0.713
A727,NM_003344,0.953
B371,U92436,0.4
S43,NM_001530,0.9
A1201,NM_016021,0.731
A1358,NM_053656,0.617
A2303,NM_007019,0.894
S235,NM_001098540,0.84
A282,NM_003969,0.581
T88,EGFP,0.4
T473,EGFP,0.825
S275,NM_001098540,0.58
A1504,NM_003342,0.412
T408,EGFP,0.451
B321,NM_002046,0.708
S125,NM_000189,0.81
B404,J03132,0.28
S21,NM_001530,0.89
B157,U47298,0.474
A1940,NM_017346,0.5
T424,EGFP,0.763
T501,EGFP,0.579
A210,NM_003337,0.836
A1288,NM_005339,0.73
S115,NM_000189,0.88
A155,NM_003340,0.576
A899,NM_004223,0.516
S4,NM_001530,0.91
A2099,NM_012864,1.162
T4,EGFP,0.386
A493,XM_371822,0.774
A815,NM_003345,0.798
A1484,NM_003342,0.727
A559,NM_015213,0.464
A779,NM_003345,0.591
T572,EGFP,0.196
T228,EGFP,0.624
A1247,NM_005339,0.701
A1224,NM_016021,0.417
A1136,NM_001001481,0.805
A2363,NM_002559,0.792
T205,EGFP,0.902
B79,U47298,0.145
A1253,NM_005339,0.921
A1752,NM_022005,0.488
T482,EGFP,0.906
S176,NM_000189,0.85
B222,M60857,0.772
T90,EGFP,0.528
A1663,NM_021988,0.388
T122,EGFP,0.696
T658,EGFP,0.441
A1344,NM_053656,0.574
A945,NM_004223,0.381
T227,EGFP,0.508
A1303,NM_005339,0.746
A1331,NM_053656,0.646
A1967,NM_017346,0.577
A352,NM_003969,0.649
T528,EGFP,0.545
A524,NM_015213,0.705
A1246,NM_005339,0.739
T604,EGFP,0.42
B236,M60857,0.678
A354,NM_003969,0.53
A1424,NM_003348,0.635
T454,EGFP,0.341
S86,NM_001530,0.89
A648,NM_003347,0.87
T471,EGFP,0.621
A1538,NM_003342,0.787
A958,NM_004223,0.895
A1125,NM_001001481,1.03
B415,U47298,0.921
A323,NM_003969,0.564
T178,EGFP,0.372
A1055,NM_014176,0.95
T336,EGFP,0.681
A1051,NM_014176,0.951
A1717,NM_022005,0.936
A2111,NM_012864,0.329
A697,NM_003344,0.864
A2329,NM_007019,0.809
S273,NM_001098540,0.9
A1983,NM_012864,0.814
A1980,NM_012864,1.048
T26,EGFP,0.449
T308,EGFP,0.448
A1291,NM_005339,0.763
A2191,NM_025237,0.72
A937,NM_004223,0.51
A1369,NM_053656,0.335
T65,EGFP,0.538
T438,EGFP,0.783
A1900,XM_214061,0.631
A1854,XM_214061,0.626
A519,NM_015213,0.611
A622,NM_015213,0.734
A1335,NM_053656,0.886
A97,NM_004359,0.584
A67,BD135193,0.79
A355,NM_003969,0.599
A2272,NM_007019,0.908
A2198,NM_005450,0.557
A896,NM_004223,0.553
A549,NM_015213,0.621
A2294,NM_007019,0.462
A889,NM_014501,0.664
A835,NM_014501,0.47
T392,EGFP,0.907
A412,XM_371822,0.758
A325,NM_003969,0.539
A1614,NM_006357,0.816
A674,NM_003347,0.794
S232,NM_001098540,0.87
A2415,NM_002559,0.723
A1214,NM_016021,0.605
T79,EGFP,0.404
S25,NM_001530,0.39
B308,X75932,0.526
A18,BD135193,0.849
A634,NM_003347,0.623
A1924,NM_017346,0.395
A260,NM_003337,0.475
A1314,NM_005339,0.844
A387,XM_371822,0.627
B345,U92436,0.31
A204,NM_003337,0.616
T214,EGFP,0.366
T494,EGFP,0.845
A1537,NM_003342,0.66
A361,XM_371822,0.43
A2108,NM_012864,0.916
A1207,NM_016021,0.562
A647,NM_003347,0.846
A874,NM_014501,0.585
B137,U47298,0.804
B213,M60857,0.835
T327,EGFP,0.281
T177,EGFP,0.265
A1869,XM_214061,0.631
A1872,XM_214061,0.729
A1575,NM_006357,0.692
B193,M60857,0.89
B81,U47298,0.513
A16,BD135193,0.624
T289,EGFP,0.705
B152,U47298,0.633
T565,EGFP,0.357
A1821,XM_214061,0.702
S144,NM_000189,0.62
S57,NM_001530,0.89
T174,EGFP,0.439
A1929,NM_017346,0.467
B138,U47298,0.795
A2023,NM_012864,1.008
T693,EGFP,0.831
S111,NM_000189,0.84
A1511,NM_003342,0.326
A983,NM_016406,0.569
B142,U47298,0.766
T192,EGFP,0.48
S291,NM_001098540,0.75
B358,U92436,0.44
A506,NM_015213,0.607
A1366,NM_053656,0.537
B263,M60857,0.16
B243,M60857,0.559
B312,X75932,0.685
T515,EGFP,0.375
A47,BD135193,0.849
T229,EGFP,0.501
A1008,NM_016406,0.753
A28,BD135193,0.773
A1935,NM_017346,0.316
A2084,NM_012864,0.871
A567,NM_015213,0.63
T127,EGFP,0.698
B261,M60857,0.176
A854,NM_014501,0.855
S297,NM_001098540,0.81
A951,NM_004223,0.556
A1734,NM_022005,0.715
A2143,NM_025237,0.66
A298,NM_003969,0.645
S160,NM_000189,0.87
T507,EGFP,0.505
A1783,XM_214061,0.857
A1993,NM_012864,0.536
A169,NM_003340,0.631
B9,AH001498,0.95
A543,NM_015213,0.717
A584,NM_015213,0.693
A526,NM_015213,0.547
A391,XM_371822,0.561
A2017,NM_012864,0.685
T29,EGFP,0.477
A253,NM_003337,0.618
A1099,NM_014176,0.794
T153,EGFP,0.276
S322,NM_002467,0.22
A590,NM_015213,0.46
A922,NM_004223,0.777
A1161,NM_001001481,0.784
A1466,NM_003348,0.658
A164,NM_003340,0.866
A1751,NM_022005,0.802
A1848,XM_214061,0.708
S49,NM_001530,0.9
B114,U47298,0.912
T143,EGFP,0.043
A579,NM_015213,0.625
A1887,XM_214061,0.681
S181,NM_000189,0.89
A1167,NM_001001481,0.88
A127,NM_003340,0.82
A9,BD135193,0.591
S104,NM_000189,0.89
A735,NM_003344,0.836
A1670,NM_021988,0.705
A1724,NM_022005,0.725
T524,EGFP,0.458
A594,NM_015213,0.747
A33,BD135193,0.794
A24,BD135193,0.83
A1681,NM_021988,0.609
A1960,NM_017346,0.834
A1647,NM_021988,0.49
A2195,NM_005450,0.805
A525,NM_015213,0.459
B218,M60857,0.804
B93,U47298,0.959
A1634,NM_021988,0.552
T160,EGFP,0.264
T662,EGFP,0.369
B182,M60857,0.934
A1399,NM_003348,0.918
A434,XM_371822,0.617
A562,NM_015213,0.402
A1383,NM_053656,0.784
A2341,NM_007019,0.621
A1199,NM_016021,0.558
A1255,NM_005339,0.899
A2074,NM_012864,0.975
A729,NM_003344,0.992
A2164,NM_025237,0.754
A2430,NM_002559,0.62
T248,EGFP,0.589
A1883,XM_214061,0.958
A1994,NM_012864,0.337
S79,NM_001530,0.91
A200,NM_003340,1.003
S202,NM_001098540,0.95
A597,NM_015213,0.649
A1109,NM_014176,0.953
A1222,NM_016021,0.707
A552,NM_015213,0.722
A924,NM_004223,0.749
B402,J03132,0.07
A499,XM_371822,0.535
A757,NM_003345,0.839
S148,NM_000189,0.86
B370,U92436,0.3
A863,NM_014501,0.604
B103,U47298,0.936
A1560,NM_006357,0.909
A867,NM_014501,0.489
T167,EGFP,0.0
A1338,NM_053656,0.385
A283,NM_003969,0.543
S214,NM_001098540,0.95
A1026,NM_016406,0.746
A1907,XM_214061,0.915
A694,NM_003344,0.951
A237,NM_003337,0.863
A585,NM_015213,0.345
A917,NM_004223,0.691
A1391,NM_053656,0.605
A1936,NM_017346,0.192
T499,EGFP,0.622
A1874,XM_214061,0.686
A1225,NM_016021,0.287
A1355,NM_053656,0.703
A1317,NM_005339,0.882
S60,NM_001530,0.28
S117,NM_000189,0.85
S223,NM_001098540,0.66
A1632,NM_006357,0.547
B399,J03132,0.29
A2028,NM_012864,0.835
A1488,NM_003342,0.935
B368,U92436,0.37
T85,EGFP,0.492
A1813,XM_214061,0.508
A344,NM_003969,0.66
A152,NM_003340,0.952
B228,M60857,0.744
B292,U47296,0.099
A1332,NM_053656,0.37
B375,J03132,0.07
B257,M60857,0.328
A1310,NM_005339,0.476
T370,EGFP,0.467
A310,NM_003969,0.541
A1085,NM_014176,0.674
A569,NM_015213,0.666
A1216,NM_016021,0.56
A1999,NM_012864,0.946
T582,EGFP,0.729
A1635,NM_021988,0.466
A2113,NM_012864,0.83
T613,EGFP,0.778
A211,NM_003337,0.735
A1089,NM_014176,1.068
A551,NM_015213,0.683
A2061,NM_012864,0.607
T333,EGFP,0.401
T425,EGFP,0.563
A2315,NM_007019,0.613
A777,NM_003345,0.789
A557,NM_015213,0.908
A1204,NM_016021,0.353
T472,EGFP,0.733
T166,EGFP,0.0
B397,J03132,0.43
A375,XM_371822,0.65
S166,NM_000189,0.85
B284,NM_031313,0.802
A956,NM_004223,0.625
S6,NM_001530,0.85
A2133,NM_025237,0.413
A1882,XM_214061,0.456
A1546,NM_003342,0.677
T58,EGFP,0.447
A978,NM_016406,0.538
A168,NM_003340,0.945
A919,NM_004223,0.742
A2060,NM_012864,0.856
A675,NM_003347,0.619
A2058,NM_012864,0.913
A1839,XM_214061,0.432
A336,NM_003969,0.767
A1468,NM_003348,0.883
T367,EGFP,0.809
A356,NM_003969,0.417
B392,J03132,0.21
T378,EGFP,0.595
A272,NM_003337,0.483
A107,NM_004359,0.442
A754,NM_003345,0.838
A820,NM_014501,0.428
A497,XM_371822,0.438
A2185,NM_025237,0.934
B291,U47296,0.416
A417,XM_371822,0.768
B335,NM_002046,0.915
S283,NM_001098540,0.33
A656,NM_003347,0.91
A371,XM_371822,0.667
A1526,NM_003342,0.731
A1581,NM_006357,0.49
A249,NM_003337,0.635
A1478,NM_003342,0.939
A335,NM_003969,0.589
A1322,NM_053656,0.52
B96,U47298,0.953
T64,EGFP,0.536
A1963,NM_017346,0.768
A1271,NM_005339,0.442
T254,EGFP,0.472
A726,NM_003344,0.679
T632,EGFP,0.846
T175,EGFP,0.204
A415,XM_371822,0.787
A1896,XM_214061,0.872
B417,NM_001632,0.565
T106,EGFP,0.487
A2065,NM_012864,0.861
A538,NM_015213,0.564
T417,EGFP,0.859
A1086,NM_014176,1.013
A1694,NM_021988,0.887
A1166,NM_001001481,0.799
A1816,XM_214061,0.327
S187,NM_000189,0.74
A177,NM_003340,0.554
A439,XM_371822,0.462
T269,EGFP,0.379
A302,NM_003969,0.771
T377,EGFP,0.64
A858,NM_014501,0.678
A1056,NM_014176,0.76
S119,NM_000189,0.54
A969,NM_016406,0.863
A805,NM_003345,0.588
A1148,NM_001001481,1.054
A2228,NM_005450,0.626
T548,EGFP,0.559
A113,NM_004359,0.511
A1104,NM_014176,0.871
S251,NM_001098540,0.51
A425,XM_371822,0.893
T54,EGFP,0.571
A875,NM_014501,0.499
B326,NM_002046,0.887
A1722,NM_022005,0.619
A934,NM_004223,0.908
A2417,NM_002559,0.855
A864,NM_014501,0.917
A1102,NM_014176,0.747
A1569,NM_006357,0.86
A1570,NM_006357,0.734
B366,U92436,0.3
B367,U92436,0.06
S40,NM_001530,0.87
T585,EGFP,0.504
A1550,NM_003342,0.975
T661,EGFP,0.757
T53,EGFP,0.447
S326,NM_004456,0.37
A698,NM_003344,0.825
A897,NM_004223,0.626
A583,NM_015213,0.485
B98,U47298,0.95
S324,NM_004456,0.54
A2310,NM_007019,0.467
A837,NM_014501,0.534
A158,NM_003340,0.931
T157,EGFP,0.18
A619,NM_015213,0.683
T506,EGFP,0.734
S309,NM_001098540,0.8
B333,NM_002046,0.583
A461,XM_371822,0.749
A368,XM_371822,0.817
A905,NM_004223,0.796
A998,NM_016406,0.616
A1372,NM_053656,0.55
A2281,NM_007019,0.819
S218,NM_001098540,0.86
A2254,NM_005450,1.018
A479,XM_371822,0.259
B106,U47298,0.931
A1114,NM_001001481,1.013
A2403,NM_002559,0.399
A100,NM_004359,0.449
A250,NM_003337,0.846
A1745,NM_022005,0.93
A760,NM_003345,0.521
S252,NM_001098540,0.84
A1977,NM_012864,1.025
S246,NM_001098540,0.85
A1337,NM_053656,0.475
A360,XM_371822,0.538
A908,NM_004223,0.805
A575,NM_015213,0.467
A1141,NM_001001481,0.839
A2194,NM_025237,0.552
A1707,NM_021988,0.623
B252,M60857,0.454
T35,EGFP,0.525
A2131,NM_025237,0.525
B38,AH001498,0.74
A1359,NM_053656,0.323
A1162,NM_001001481,0.857
A642,NM_003347,0.771
S221,NM_001098540,0.39
A685,NM_003344,0.747
A2067,NM_012864,1.15
S61,NM_001530,0.81
A666,NM_003347,0.655
A589,NM_015213,0.646
A1113,NM_014176,0.908
A2122,NM_025237,0.587
B115,U47298,0.908
T285,EGFP,0.609
A90,NM_004359,0.364
A660,NM_003347,0.645
A1727,NM_022005,0.86
A326,NM_003969,0.511
A195,NM_003340,0.95
A315,NM_003969,0.797
A348,NM_003969,0.517
A2163,NM_025237,0.594
A753,NM_003345,0.678
A48,BD135193,0.87
A2079,NM_012864,0.323
A2177,NM_025237,0.522
A2409,NM_002559,0.888
T22,EGFP,0.336
T249,EGFP,0.514
T391,EGFP,0.682
S132,NM_000189,0.76
A633,NM_003347,0.49
S227,NM_001098540,0.73
A761,NM_003345,0.719
T342,EGFP,0.59
T170,EGFP,0.309
A510,NM_015213,0.882
A1341,NM_053656,0.397
A1439,NM_003348,0.694
A1112,NM_014176,0.873
S292,NM_001098540,0.9
B247,M60857,0.507
A531,NM_015213,0.532
A990,NM_016406,0.623
T621,EGFP,0.588
A728,NM_003344,0.964
T105,EGFP,0.321
S9,NM_001530,0.69
A401,XM_371822,0.845
A2222,NM_005450,0.575
A599,NM_015213,0.598
A2161,NM_025237,0.776
A1828,XM_214061,0.667
A1563,NM_006357,0.758
A792,NM_003345,0.732
A2051,NM_012864,0.729
A688,NM_003344,0.668
A2368,NM_002559,0.339
A1118,NM_001001481,1.252
A1795,XM_214061,0.848
A2094,NM_012864,0.744
B406,J03132,0.33
T579,EGFP,0.799
T513,EGFP,0.556
S88,NM_001530,0.9
A2159,NM_025237,0.543
S224,NM_001098540,0.76
A1867,XM_214061,0.933
A1664,NM_021988,0.829
S196,NM_000189,0.65
A768,NM_003345,0.705
A910,NM_004223,0.818
A1000,NM_016406,0.449
A1547,NM_003342,0.867
T483,EGFP,0.855
S91,NM_001530,0.83
T179,EGFP,0.424
T556,EGFP,0.185
A936,NM_004223,0.458
A1105,NM_014176,0.9
T465,EGFP,0.76
A994,NM_016406,0.699
B155,U47298,0.522
T375,EGFP,0.665
A1486,NM_003342,0.344
A228,NM_003337,0.624
T675,EGFP,0.305
A1095,NM_014176,0.874
T619,EGFP,0.524
T397,EGFP,0.152
A1374,NM_053656,0.644
A1656,NM_021988,0.909
A1438,NM_003348,0.938
A1524,NM_003342,0.947
A126,NM_003340,0.924
T257,EGFP,0.471
S174,NM_000189,0.74
A1174,NM_001001481,0.861
B208,M60857,0.849
T61,EGFP,0.44
A2154,NM_025237,0.505
B202,M60857,0.874
A985,NM_016406,1.06
B338,U92436,0.4
S295,NM_001098540,0.86
T587,EGFP,0.61
S293,NM_001098540,0.66
A1761,NM_022005,0.552
B84,NM_001632,0.88
A741,NM_003344,0.638
A1917,XM_214061,0.655
S12,NM_001530,0.85
A2342,NM_002559,0.844
A578,NM_015213,0.67
B55,U47298,0.354
T15,EGFP,0.393
A1659,NM_021988,0.841
A30,BD135193,0.518
S106,NM_000189,0.63
A105,NM_004359,0.393
S121,NM_000189,0.8
A882,NM_014501,0.54
A1793,XM_214061,0.543
A350,NM_003969,0.61
A1270,NM_005339,0.576
A331,NM_003969,0.827
A1975,NM_012864,1.153
A624,NM_015213,0.574
A2091,NM_012864,1.308
T527,EGFP,0.621
A1084,NM_014176,0.954
T603,EGFP,0.406
A514,NM_015213,0.768
A268,NM_003337,0.846
S265,NM_001098540,0.9
A2382,NM_002559,0.829
A501,XM_371822,0.709
A2013,NM_012864,1.085
A2398,NM_002559,0.678
B72,U47298,0.107
B57,U47298,0.197
T386,EGFP,0.442
A247,NM_003337,0.73
A2299,NM_007019,0.396
A1968,NM_017346,0.758
B260,M60857,0.181
T27,EGFP,0.305
A1229,NM_016021,0.647
A2428,NM_002559,0.723
A2005,NM_012864,0.465
A976,NM_016406,0.605
T301,EGFP,0.54
A267,NM_003337,0.532
A1356,NM_053656,0.337
A963,NM_004223,0.776
A457,XM_371822,0.218
T107,EGFP,0.396
A1905,XM_214061,0.732
S279,NM_001098540,0.84
B302,NM_020548,0.507
S327,NM_004456,0.78
A695,NM_003344,0.777
A1273,NM_005339,0.573
A321,NM_003969,0.738
A1375,NM_053656,0.552
A887,NM_014501,0.573
A1115,NM_001001481,1.057
A2030,NM_012864,0.85
A133,NM_003340,0.422
B88,NM_001632,0.2
S19,NM_001530,0.82
S282,NM_001098540,0.88
A1292,NM_005339,0.785
A1017,NM_016406,0.663
A202,NM_003340,0.878
A1880,XM_214061,0.685
B403,J03132,0.0
S102,NM_000189,0.83
A1495,NM_003342,0.476
T272,EGFP,0.508
B346,U92436,0.27
A1440,NM_003348,0.464
A1406,NM_003348,0.841
A582,NM_015213,0.471
A2168,NM_025237,0.749
A587,NM_015213,0.479
A1140,NM_001001481,0.641
A1721,NM_022005,0.435
A2110,NM_012864,0.405
B363,U92436,0.38
B401,J03132,0.4
T363,EGFP,0.694
S266,NM_001098540,0.61
A35,BD135193,0.836
A404,XM_371822,0.772
A1050,NM_014176,0.916
A944,NM_004223,0.43
B141,U47298,0.778
T432,EGFP,0.682
T480,EGFP,0.706
A370,XM_371822,0.683
A1192,NM_016021,1.1
A163,NM_003340,0.684
A1307,NM_005339,0.694
A880,NM_014501,0.359
A2385,NM_002559,0.802
A824,NM_014501,0.585
A664,NM_003347,0.828
A2031,NM_012864,0.002
T155,EGFP,0.56
A2427,NM_002559,0.894
A287,NM_003969,0.612
A1927,NM_017346,0.796
A1554,NM_003342,0.654
A1508,NM_003342,0.425
T606,EGFP,0.449
A135,NM_003340,0.945
A2383,NM_002559,0.68
A2234,NM_005450,0.783
A1784,XM_214061,0.468
S82,NM_001530,0.84
T624,EGFP,0.796
A1796,XM_214061,0.498
B102,U47298,0.943
A1553,NM_003342,0.833
S296,NM_001098540,0.87
B258,M60857,0.307
B54,U47298,0.166
A662,NM_003347,0.57
A2157,NM_025237,0.505
B306,X75932,0.306
B12,AH001498,0.96
A2348,NM_002559,0.93
A432,XM_371822,0.564
A1126,NM_001001481,1.103
A1212,NM_016021,0.753
A1259,NM_005339,0.749
A2366,NM_002559,0.13
A955,NM_004223,0.737
T330,EGFP,0.666
S123,NM_000189,0.84
A1323,NM_053656,0.522
A2394,NM_002559,0.771
A595,NM_015213,0.752
A959,NM_004223,0.742
S53,NM_001530,0.84
A431,XM_371822,0.99
T89,EGFP,0.513
A188,NM_003340,0.602
B92,U47298,0.96
A65,BD135193,0.887
T595,EGFP,0.796
A2406,NM_002559,0.334
A477,XM_371822,0.293
T113,EGFP,0.558
A871,NM_014501,0.539
A1107,NM_014176,1.021
A1078,NM_014176,0.719
A2318,NM_007019,0.857
B125,U47298,0.884
A397,XM_371822,0.558
A878,NM_014501,0.465
A1814,XM_214061,0.268
A2135,NM_025237,0.571
B352,U92436,0.75
A1262,NM_005339,0.85
A167,NM_003340,0.644
A1768,NM_022005,0.814
A1815,XM_214061,0.231
T110,EGFP,0.468
A2129,NM_025237,0.662
A1794,XM_214061,0.727
A1731,NM_022005,0.623
A1401,NM_003348,0.904
S28,NM_001530,0.91
A663,NM_003347,0.731
A1845,XM_214061,0.449
T616,EGFP,0.549
T290,EGFP,0.792
A2,BD135193,0.384
T281,EGFP,0.682
A1665,NM_021988,0.894
A1775,NM_022005,1.042
A2350,NM_002559,0.658
A2279,NM_007019,0.755
B172,U47298,0.138
T415,EGFP,0.888
A1528,NM_003342,0.734
T508,EGFP,0.426
A175,NM_003340,0.762
T571,EGFP,0.265
A915,NM_004223,0.899
A731,NM_003344,0.779
A1619,NM_006357,0.423
A1930,NM_017346,0.488
T627,EGFP,0.715
A1723,NM_022005,0.662
A1998,NM_012864,0.894
A720,NM_003344,1.058
A392,XM_371822,0.792
A7,BD135193,0.441
A1497,NM_003342,0.785
S107,NM_000189,0.81
A2214,NM_005450,0.852
T671,EGFP,0.347
A2328,NM_007019,0.758
T605,EGFP,0.498
A292,NM_003969,0.664
T150,EGFP,0.196
A2429,NM_002559,0.918
A504,NM_015213,0.637
T36,EGFP,0.303
T325,EGFP,0.575
T144,EGFP,0.324
S68,NM_001530,0.89
T549,EGFP,0.378
A2085,NM_012864,0.457
A173,NM_003340,0.85
A460,XM_371822,0.721
S178,NM_000189,0.76
A1690,NM_021988,0.856
A324,NM_003969,0.699
A1072,NM_014176,0.656
A236,NM_003337,0.648
A1976,NM_012864,1.144
A1395,NM_053656,0.613
B166,U47298,0.326
B328,NM_002046,0.803
A400,XM_371822,1.016
A500,XM_371822,0.651
A2291,NM_007019,0.611
T684,EGFP,0.318
A1320,NM_053656,0.531
A146,NM_003340,0.903
A1601,NM_006357,0.368
A2053,NM_012864,0.802
B413,U47298,0.608
A2393,NM_002559,0.563
A1171,NM_001001481,1.111
A1885,XM_214061,0.526
A1858,XM_214061,1.013
A1370,NM_053656,0.484
B113,U47298,0.913
T201,EGFP,0.591
A1313,NM_005339,0.913
T180,EGFP,0.507
B307,X75932,0.439
A429,XM_371822,0.695
A5,BD135193,0.522
A2007,NM_012864,0.905
A957,NM_004223,0.969
B305,NM_020548,0.68
B378,J03132,0.45
S155,NM_000189,0.88
A2193,NM_025237,0.607
A396,XM_371822,0.68
A2208,NM_005450,0.464
A1461,NM_003348,0.395
A91,NM_004359,0.794
A1135,NM_001001481,0.931
T243,EGFP,0.782
A1130,NM_001001481,1.07
S44,NM_001530,0.83
A1660,NM_021988,0.835
A947,NM_004223,0.709
A2076,NM_012864,0.834
T617,EGFP,0.45
S175,NM_000189,0.86
A290,NM_003969,0.699
A1245,NM_005339,0.661
S137,NM_000189,0.77
A309,NM_003969,0.685
B419,NM_001632,0.74
A1429,NM_003348,0.482
A1254,NM_005339,0.93
A807,NM_003345,0.782
A1799,XM_214061,0.422
A687,NM_003344,0.919
T382,EGFP,0.83
A37,BD135193,0.423
A423,XM_371822,0.699
B311,X75932,0.571
S140,NM_000189,0.75
A1516,NM_003342,0.693
B134,U47298,0.828
A2189,NM_025237,0.711
A1895,XM_214061,0.858
A1695,NM_021988,0.656
A1643,NM_021988,0.715
S281,NM_001098540,0.72
A2119,NM_012864,0.643
B185,M60857,0.927
A1413,NM_003348,0.432
A1387,NM_053656,0.662
A2151,NM_025237,0.53
A376,XM_371822,0.652
T411,EGFP,0.267
S142,NM_000189,0.89
A654,NM_003347,0.517
A1577,NM_006357,0.438
A1124,NM_001001481,1.121
A1483,NM_003342,0.859
A1865,XM_214061,0.88
A179,NM_003340,0.995
A767,NM_003345,0.859
A773,NM_003345,0.511
A1467,NM_003348,0.826
A2241,NM_005450,0.646
A466,XM_371822,0.659
A1584,NM_006357,0.747
B398,J03132,0.63
T598,EGFP,0.513
A2126,NM_025237,0.75
S135,NM_000189,0.82
A1164,NM_001001481,0.814
A1996,NM_012864,0.731
A1423,NM_003348,0.587
A2050,NM_012864,0.943
A902,NM_004223,0.978
A903,NM_004223,0.854
A2307,NM_007019,0.51
A1701,NM_021988,0.365
A765,NM_003345,0.601
A1840,XM_214061,0.488
T210,EGFP,0.58
A366,XM_371822,0.82
T493,EGFP,0.658
T423,EGFP,0.7
S37,NM_001530,0.88
T70,EGFP,0.427
A1947,NM_017346,0.152
T130,EGFP,0.789
A984,NM_016406,0.988
A1226,NM_016021,0.547
A1779,NM_022005,0.393
A2204,NM_005450,0.51
A395,XM_371822,0.702
A2009,NM_012864,0.419
S267,NM_001098540,0.85
A1829,XM_214061,0.654
B229,M60857,0.738
A1774,NM_022005,0.89
A849,NM_014501,0.395
A1363,NM_053656,0.723
A1479,NM_003342,0.435
B105,U47298,0.932
A495,XM_371822,0.344
B356,U92436,0.7
A544,NM_015213,0.702
A180,NM_003340,0.8
A63,BD135193,0.597
A684,NM_003344,0.65
A1061,NM_014176,0.912
A995,NM_016406,1.026
A1776,NM_022005,0.769
A2148,NM_025237,0.646
A2244,NM_005450,0.788
B68,U47298,0.989
A681,NM_003347,0.614
A1134,NM_001001481,1.088
B1,AH001498,0.83
T67,EGFP,0.829
A1481,NM_003342,0.742
A2083,NM_012864,0.382
A1475,NM_003348,0.607
A1345,NM_053656,0.76
T137,EGFP,0.384
B127,U47298,0.876
A1846,XM_214061,0.197
A1706,NM_021988,0.78
S56,NM_001530,0.81
S94,NM_001530,0.93
T400,EGFP,0.282
A365,XM_371822,0.618
A1859,XM_214061,0.854
T185,EGFP,0.418
A452,XM_371822,0.589
A1015,NM_016406,0.618
T487,EGFP,0.939
T650,EGFP,0.765
A841,NM_014501,0.778
A1091,NM_014176,1.004
T213,EGFP,0.601
A1909,XM_214061,0.81
A157,NM_003340,0.762
A1946,NM_017346,0.348
T525,EGFP,0.305
A851,NM_014501,0.557
A1916,XM_214061,0.764
S32,NM_001530,0.85
A1894,XM_214061,0.86
A612,NM_015213,0.667
A203,NM_003337,0.765
A555,NM_015213,0.751
S146,NM_000189,0.88
B36,AH001498,0.97
A1925,NM_017346,0.753
A912,NM_004223,0.559
B297,NM_020548,0.049
A1964,NM_017346,0.77
S110,NM_000189,0.92
A1535,NM_003342,0.847
A1997,NM_012864,0.704
B196,M60857,0.887
T84,EGFP,0.493
A1868,XM_214061,0.704
A1415,NM_003348,0.498
A333,NM_003969,0.803
A776,NM_003345,0.496
T383,EGFP,0.919
A2093,NM_012864,0.761
A84,NM_004359,0.349
T545,EGFP,0.376
A75,NM_004359,0.268
A609,NM_015213,0.677
A714,NM_003344,0.684
A2212,NM_005450,0.515
A705,NM_003344,0.669
B16,AH001498,0.93
A299,NM_003969,0.613
A221,NM_003337,0.759
B97,U47298,0.951
A144,NM_003340,0.897
A454,XM_371822,0.723
A1877,XM_214061,0.815
A2196,NM_005450,0.701
A1628,NM_006357,0.321
A2289,NM_007019,0.555
A1227,NM_016021,0.748
S179,NM_000189,0.77
T537,EGFP,0.387
S206,NM_001098540,0.72
A308,NM_003969,0.606
T559,EGFP,0.363
T31,EGFP,0.17
T388,EGFP,0.537
A2308,NM_007019,0.409
B295,U47296,0.919
B46,U47298,0.949
B327,NM_002046,0.939
A2182,NM_025237,0.509
A996,NM_016406,1.201
A974,NM_016406,0.485
A474,XM_371822,0.492
A2255,NM_005450,0.964
A1400,NM_003348,0.953
A1373,NM_053656,0.66
A288,NM_003969,0.676
A1809,XM_214061,0.552
T16,EGFP,0.122
A530,NM_015213,0.719
T212,EGFP,0.763
A284,NM_003969,0.677
T428,EGFP,0.812
A1507,NM_003342,0.64
A1915,XM_214061,0.691
A608,NM_015213,0.487
A79,NM_004359,0.652
A1506,NM_003342,0.629
A414,XM_371822,0.617
T255,EGFP,0.488
A2301,NM_007019,0.116
T492,EGFP,0.75
A2386,NM_002559,0.614
A240,NM_003337,0.772
B412,U47298,0.93
T478,EGFP,0.593
B309,X75932,0.58
A2333,NM_007019,0.822
A388,XM_371822,0.836
A1804,XM_214061,0.547
A2245,NM_005450,0.734
A1552,NM_003342,0.517
B253,M60857,0.419
A66,BD135193,0.688
A2240,NM_005450,0.587
A2203,NM_005450,0.757
S248,NM_001098540,0.58
A1728,NM_022005,0.817
A34,BD135193,0.753
A1057,NM_014176,0.859
A1044,NM_014176,0.635
A550,NM_015213,0.608
A476,XM_371822,0.661
A2118,NM_012864,0.936
A1,BD135193,0.462
A1035,NM_016406,0.804
A145,NM_003340,0.845
A1219,NM_016021,0.504
A1092,NM_014176,1.051
A1283,NM_005339,0.616
A2100,NM_012864,1.316
A2421,NM_002559,0.702
B409,J03132,0.45
T103,EGFP,0.326
S141,NM_000189,0.79
A1926,NM_017346,0.542
A711,NM_003344,0.842
A1931,NM_017346,0.549
A1151,NM_001001481,0.73
S96,NM_001530,0.87
A724,NM_003344,0.64
T120,EGFP,0.646
T599,EGFP,0.369
A1598,NM_006357,0.576
A1851,XM_214061,0.589
A906,NM_004223,0.586
A1599,NM_006357,0.688
S180,NM_000189,0.77
A1280,NM_005339,0.555
A2274,NM_007019,0.663
B219,M60857,0.802
A2155,NM_025237,0.513
A1852,XM_214061,0.356
A193,NM_003340,0.447
A1210,NM_016021,0.675
T195,EGFP,0.601
T226,EGFP,0.405
A1281,NM_005339,0.749
T466,EGFP,0.843
A296,NM_003969,0.631
S153,NM_000189,0.86
A187,NM_003340,0.758
A43,BD135193,0.863
T49,EGFP,0.25
T628,EGFP,0.146
A1602,NM_006357,0.684
A378,XM_371822,0.824
A542,NM_015213,0.506
A1417,NM_003348,0.302
B25,AH001498,0.95
S15,NM_001530,0.77
A1040,NM_014176,0.655
A1249,NM_005339,0.879
S287,NM_001098540,0.93
A201,NM_003340,1.015
A447,XM_371822,0.494
S225,NM_001098540,0.91
A1549,NM_003342,0.405
A628,NM_015213,0.604
A810,NM_003345,0.55
A2379,NM_002559,0.771
A923,NM_004223,0.778
A1101,NM_014176,0.925
A266,NM_003337,0.817
A406,XM_371822,0.801
A898,NM_004223,0.599
S173,NM_000189,0.8
A1272,NM_005339,0.484
A252,NM_003337,0.697
A1221,NM_016021,0.552
A1810,XM_214061,0.887
A2373,NM_002559,0.747
T349,EGFP,0.62
A1562,NM_006357,0.598
A1979,NM_012864,0.552
T607,EGFP,0.432
T645,EGFP,0.474
A1190,NM_001001481,1.003
A1952,NM_017346,0.462
B362,U92436,0.45
A601,NM_015213,0.508
S33,NM_001530,0.91
T583,EGFP,0.542
A101,NM_004359,0.721
T42,EGFP,0.593
A812,NM_003345,0.516
A2178,NM_025237,0.833
T346,EGFP,0.393
A943,NM_004223,0.846
A2124,NM_025237,0.626
A1627,NM_006357,0.901
T489,EGFP,0.726
A1351,NM_053656,0.57
A36,BD135193,0.76
T420,EGFP,0.776
A1482,NM_003342,1.02
A2311,NM_007019,0.709
A330,NM_003969,0.759
A1949,NM_017346,0.712
A129,NM_003340,0.862
T521,EGFP,0.315
A732,NM_003344,1.084
S58,NM_001530,0.31
B389,J03132,0.01
A1428,NM_003348,0.594
A2405,NM_002559,0.905
A1941,NM_017346,0.802
B183,M60857,0.933
T273,EGFP,0.432
T104,EGFP,0.247
A1973,NM_012864,0.925
A2220,NM_005450,0.476
S98,NM_001530,0.9
A1893,XM_214061,1.064
T535,EGFP,0.323
B283,NM_031313,0.212
B310,X75932,0.584
T449,EGFP,0.687
A1908,XM_214061,0.829
A2296,NM_007019,0.858
B217,M60857,0.809
A2092,NM_012864,1.1
A2078,NM_012864,0.83
T608,EGFP,0.648
T372,EGFP,0.655
B86,NM_001632,0.3
A54,BD135193,0.849
A632,NM_003347,0.613
S207,NM_001098540,0.94
B109,U47298,0.927
A468,XM_371822,0.483
A1692,NM_021988,0.96
A2256,NM_005450,0.817
B41,AH001498,0.71
S288,NM_001098540,0.89
S355,NM_001904,0.85
A1090,NM_014176,1.093
A1680,NM_021988,0.828
A1711,NM_022005,0.728
B212,M60857,0.838
S8,NM_001530,0.84
B303,NM_020548,0.337
A2312,NM_007019,0.576
A602,NM_015213,0.436
A1709,NM_022005,0.954
A1864,XM_214061,0.856
T183,EGFP,0.471
A29,BD135193,0.707
B244,M60857,0.55
A1196,NM_016021,0.764
A1469,NM_003348,0.847
A2055,NM_012864,1.001
A2103,NM_012864,0.756
A21,BD135193,0.832
T622,EGFP,0.502
A1954,NM_017346,0.395
T412,EGFP,0.909
T468,EGFP,0.723
T295,EGFP,0.377
A2066,NM_012864,0.975
S165,NM_000189,0.81
A359,XM_371822,0.591
A276,NM_003337,0.618
A2207,NM_005450,0.631
A433,XM_371822,0.732
B71,U47298,0.878
B130,U47298,0.868
B319,NM_002046,0.605
A638,NM_003347,0.463
B14,AH001498,0.87
A418,XM_371822,0.654
A1513,NM_003342,0.493
A2302,NM_007019,0.772
A548,NM_015213,0.39
A1654,NM_021988,0.875
B77,U47298,0.974
T674,EGFP,0.144
A2188,NM_025237,0.777
A422,XM_371822,0.758
A803,NM_003345,0.726
A1252,NM_005339,0.655
A1251,NM_005339,0.874
B118,U47298,0.901
T394,EGFP,0.31
A1457,NM_003348,0.502
T427,EGFP,0.853
S52,NM_001530,0.81
S213,NM_001098540,0.97
B360,U92436,0.58
T403,EGFP,0.686
T682,EGFP,0.154
B108,U47298,0.929
T350,EGFP,0.809
A138,NM_003340,0.236
A1433,NM_003348,0.806
A860,NM_014501,0.544
T683,EGFP,0.251
S114,NM_000189,0.71
T270,EGFP,0.439
B49,U47298,0.059
A1558,NM_006357,0.888
A2144,NM_025237,0.789
B122,U47298,0.888
A2224,NM_005450,0.817
A1626,NM_006357,0.842
A2052,NM_012864,1.221
T634,EGFP,0.744
T612,EGFP,0.738
A1559,NM_006357,0.871
T393,EGFP,0.715
A1144,NM_001001481,0.859
T552,EGFP,0.294
A117,NM_004359,0.417
T678,EGFP,0.326
A1284,NM_005339,0.673
A2419,NM_002559,0.746
A2390,NM_002559,0.642
A1510,NM_003342,0.359
T520,EGFP,0.305
S42,NM_001530,0.86
A1639,NM_021988,0.788
A707,NM_003344,0.362
T584,EGFP,0.567
T469,EGFP,0.789
A2344,NM_002559,0.679
T199,EGFP,0.565
A999,NM_016406,0.617
S212,NM_001098540,0.7
T418,EGFP,0.735
T311,EGFP,0.693
T305,EGFP,0.625
T172,EGFP,0.713
A1857,XM_214061,0.883
A2265,NM_005450,0.822
S151,NM_000189,0.67
A1062,NM_014176,1.007
A2358,NM_002559,0.718
A1117,NM_001001481,1.039
A2115,NM_012864,0.642
S99,NM_001530,0.9
A1129,NM_001001481,0.848
T78,EGFP,0.575
A243,NM_003337,0.635
T356,EGFP,0.829
A1572,NM_006357,0.924
A233,NM_003337,0.836
A467,XM_371822,0.68
A1574,NM_006357,0.567
A320,NM_003969,0.817
A2218,NM_005450,0.6
T87,EGFP,0.392
A367,XM_371822,0.754
T221,EGFP,0.448
A297,NM_003969,0.628
T523,EGFP,0.156
T182,EGFP,0.518
S26,NM_001530,0.92
A553,NM_015213,0.725
A2206,NM_005450,0.565
A1557,NM_006357,0.769
A382,XM_371822,0.568
A2169,NM_025237,0.758
S276,NM_001098540,0.82
A640,NM_003347,0.809
S183,NM_000189,0.49
A886,NM_014501,0.53
B28,AH001498,0.81
B225,M60857,0.758
A427,XM_371822,0.895
A785,NM_003345,0.59
A13,BD135193,0.44
A523,NM_015213,0.737
A1004,NM_016406,1.146
A73,NM_004359,0.517
A184,NM_003340,0.641
A2190,NM_025237,0.528
T495,EGFP,0.69
A672,NM_003347,0.812
A2001,NM_012864,0.657
T203,EGFP,0.507
A340,NM_003969,0.605
A286,NM_003969,0.766
A1198,NM_016021,0.834
A1891,XM_214061,0.689
A2090,NM_012864,1.1
T387,EGFP,0.422
A588,NM_015213,0.557
A1817,XM_214061,0.668
A2423,NM_002559,0.5
S222,NM_001098540,0.89
A869,NM_014501,0.552
A556,NM_015213,0.579
B107,U47298,0.931
A2389,NM_002559,0.683
A1348,NM_053656,0.506
T59,EGFP,0.686
S17,NM_001530,0.82
A1444,NM_003348,0.921
A1989,NM_012864,0.414
A2231,NM_005450,0.933
A756,NM_003345,0.758
T218,EGFP,0.447
A1534,NM_003342,0.624
T359,EGFP,0.617
A74,NM_004359,0.336
T526,EGFP,0.362
T692,EGFP,0.604
S284,NM_001098540,0.87
A1416,NM_003348,0.342
A787,NM_003345,0.652
B52,U47298,0.932
T121,EGFP,0.626
T614,EGFP,0.839
A2378,NM_002559,0.627
S277,NM_001098540,0.56
T133,EGFP,0.674
T282,EGFP,0.564
B123,U47298,0.885
A529,NM_015213,0.753
T436,EGFP,0.793
A488,XM_371822,0.702
A1757,NM_022005,0.79
T176,EGFP,0.339
T470,EGFP,0.732
A1223,NM_016021,0.61
A823,NM_014501,0.494
A2230,NM_005450,0.913
A345,NM_003969,0.564
T702,EGFP,0.835
A1393,NM_053656,0.742
A2284,NM_007019,0.565
A119,NM_004359,0.727
A1243,NM_005339,0.927
B330,NM_002046,0.925
A1480,NM_003342,0.564
T23,EGFP,0.55
A372,XM_371822,0.797
A231,NM_003337,0.847
A1499,NM_003342,0.669
A258,NM_003337,0.637
T12,EGFP,0.525
A1720,NM_022005,0.855
A441,XM_371822,0.505
A708,NM_003344,0.666
A965,NM_004223,0.738
A1019,NM_016406,0.761
A1021,NM_016406,0.433
A1333,NM_053656,0.539
T379,EGFP,0.432
T699,EGFP,0.535
A1293,NM_005339,0.793
A1638,NM_021988,0.945
A1873,XM_214061,0.791
T633,EGFP,0.846
T464,EGFP,0.839
A322,NM_003969,0.793
T491,EGFP,0.781
T568,EGFP,0.189
A1754,NM_022005,0.373
A2251,NM_005450,0.888
A2322,NM_007019,0.69
B74,U47298,0.936
A586,NM_015213,0.514
A1531,NM_003342,0.696
A1388,NM_053656,0.715
A2309,NM_007019,0.743
B342,U92436,0.32
A699,NM_003344,0.957
A1790,XM_214061,0.763
T361,EGFP,0.713
A801,NM_003345,0.549
A1241,NM_005339,0.646
B314,X75932,0.822
A300,NM_003969,0.561
A1209,NM_016021,0.476
A946,NM_004223,0.523
A1833,XM_214061,0.354
A1532,NM_003342,0.879
A1489,NM_003342,0.975
A2077,NM_012864,1.161
A992,NM_016406,0.501
A1038,NM_014176,1.06
A1772,NM_022005,0.579
A1838,XM_214061,0.819
T280,EGFP,0.79
S127,NM_000189,0.05
T240,EGFP,0.635
A1123,NM_001001481,1.098
A693,NM_003344,0.931
T197,EGFP,0.701
T566,EGFP,0.285
A2270,NM_007019,0.865
A1876,XM_214061,0.5
A873,NM_014501,0.423
A1566,NM_006357,0.503
T24,EGFP,0.295
T651,EGFP,0.362
A341,NM_003969,0.703
A1264,NM_005339,0.854
A357,NM_003969,0.594
S262,NM_001098540,0.87
B304,NM_020548,0.718
A832,NM_014501,0.548
A462,XM_371822,0.272
A1918,XM_214061,0.428
A2263,NM_005450,0.528
A72,NM_004359,0.372
A1594,NM_006357,0.588
A362,XM_371822,0.363
T39,EGFP,0.398
B39,AH001498,0.92
A2425,NM_002559,0.873
S286,NM_001098540,0.57
A1208,NM_016021,0.751
A606,NM_015213,0.549
A769,NM_003345,0.76
A1381,NM_053656,0.768
A2166,NM_025237,0.668
T194,EGFP,0.58
T531,EGFP,0.512
T288,EGFP,0.499
S71,NM_001530,0.87
A216,NM_003337,0.775
A2039,NM_012864,0.755
T602,EGFP,0.7
A2264,NM_005450,0.874
B153,U47298,0.61
T318,EGFP,0.748
B296,U47296,0.919
A389,XM_371822,0.991
A2127,NM_025237,0.618
T530,EGFP,0.564
T114,EGFP,0.347
A2375,NM_002559,0.251
T323,EGFP,0.793
B334,NM_002046,0.942
S77,NM_001530,0.88
A494,XM_371822,0.758
S210,NM_001098540,0.87
A1189,NM_001001481,0.964
A2243,NM_005450,0.671
B238,M60857,0.641
A1357,NM_053656,0.59
A1992,NM_012864,0.376
A2125,NM_025237,0.647
A1551,NM_003342,0.606
T519,EGFP,0.4
A930,NM_004223,0.676
T532,EGFP,0.499
A56,BD135193,0.83
S356,NM_001904,0.89
A1658,NM_021988,0.844
B13,AH001498,0.67
T241,EGFP,0.778
A596,NM_015213,0.662
A1138,NM_001001481,0.647
A285,NM_003969,0.612
A981,NM_016406,0.679
S20,NM_001530,0.55
A2080,NM_012864,1.101
A2098,NM_012864,0.284
A1098,NM_014176,0.754
A1494,NM_003342,0.61
T235,EGFP,0.674
A1642,NM_021988,0.519
B191,M60857,0.902
T314,EGFP,0.478
A534,NM_015213,0.518
A1760,NM_022005,0.943
A2388,NM_002559,0.371
B408,J03132,0.07
A973,NM_016406,0.714
S231,NM_001098540,0.89
A2249,NM_005450,0.951
B223,M60857,0.766
A1807,XM_214061,0.6
A2109,NM_012864,0.797
B405,J03132,0.34
S230,NM_001098540,0.93
A1033,NM_016406,1.005
S237,NM_001098540,0.67
T413,EGFP,0.649
A1870,XM_214061,0.618
A2235,NM_005450,0.967
B206,M60857,0.851
A2399,NM_002559,0.334
A604,NM_015213,0.536
A827,NM_014501,0.415
A821,NM_014501,0.45
A1509,NM_003342,0.378
T551,EGFP,0.288
B192,M60857,0.897
T92,EGFP,0.348
S1,NM_001530,0.33
A2407,NM_002559,0.663
A913,NM_004223,0.601
T553,EGFP,0.531
T72,EGFP,0.638
A1347,NM_053656,0.436
A1234,NM_016021,0.463
A2089,NM_012864,1.262
B19,AH001498,0.95
A41,BD135193,0.821
A722,NM_003344,1.001
A1653,NM_021988,0.714
A1648,NM_021988,0.7
A1454,NM_003348,0.299
T578,EGFP,0.772
A438,XM_371822,0.52
T279,EGFP,0.54
A775,NM_003345,0.451
T406,EGFP,0.395
B343,U92436,0.58
T648,EGFP,0.505
A1684,NM_021988,0.586
A1054,NM_014176,0.775
A1837,XM_214061,0.724
A1213,NM_016021,0.796
A95,NM_004359,0.7
A1032,NM_016406,0.931
A617,NM_015213,0.829
A1343,NM_053656,0.515
A1773,NM_022005,0.968
A1716,NM_022005,0.915
A1901,XM_214061,0.239
B200,M60857,0.876
A1582,NM_006357,0.834
T557,EGFP,0.208
A979,NM_016406,0.538
T576,EGFP,0.483
A1719,NM_022005,0.725
A307,NM_003969,0.767
B44,AH001498,0.98
A710,NM_003344,0.416
A1710,NM_022005,0.904
A1267,NM_005339,0.857
A1147,NM_001001481,0.788
A786,NM_003345,0.527
T169,EGFP,0.253
B47,U47298,0.111
T695,EGFP,0.668
A1683,NM_021988,0.923
B4,AH001498,0.88
T168,EGFP,0.228
A1464,NM_003348,0.624
A689,NM_003344,0.719
S136,NM_000189,0.76
T457,EGFP,0.661
A1465,NM_003348,0.871
A1515,NM_003342,0.318
T373,EGFP,0.605
T21,EGFP,0.484
A712,NM_003344,0.486
T341,EGFP,0.537
A219,NM_003337,0.712
T320,EGFP,0.589
S116,NM_000189,0.75
A190,NM_003340,0.853
A1295,NM_005339,0.681
A1492,NM_003342,0.719
A2359,NM_002559,0.674
A658,NM_003347,0.527
B159,U47298,0.449
B337,U92436,0.0
A277,NM_003337,0.767
A1585,NM_006357,0.705
A507,NM_015213,0.787
A967,NM_016406,0.691
A1861,XM_214061,0.862
T455,EGFP,0.855
A363,XM_371822,0.433
T479,EGFP,0.87
T653,EGFP,0.564
S198,NM_000189,0.88
A1442,NM_003348,0.816
S27,NM_001530,0.89
T475,EGFP,0.706
A172,NM_003340,0.999
T458,EGFP,0.729
T401,EGFP,0.842
A206,NM_003337,0.778
A929,NM_004223,0.713
B349,U92436,0.65
A191,NM_003340,0.949
A980,NM_016406,0.617
T119,EGFP,0.75
A2153,NM_025237,0.591
A2280,NM_007019,0.786
S69,NM_001530,0.81
A1039,NM_014176,0.919
T20,EGFP,0.606
A842,NM_014501,0.707
A1177,NM_001001481,1.104
A238,NM_003337,0.722
A576,NM_015213,0.644
A1567,NM_006357,0.478
A1233,NM_016021,0.563
B91,NM_001632,0.32
B99,U47298,0.949
A444,XM_371822,0.67
A1159,NM_001001481,1.032
A2215,NM_005450,0.603
A866,NM_014501,0.547
A1529,NM_003342,0.501
A2137,NM_025237,0.652
T543,EGFP,0.526
S154,NM_000189,0.84
A1878,XM_214061,0.776
A2180,NM_025237,0.688
T73,EGFP,0.592
A230,NM_003337,0.505
A667,NM_003347,0.834
A1610,NM_006357,0.473
A1541,NM_003342,0.447
A311,NM_003969,0.804
A1729,NM_022005,0.402
A581,NM_015213,0.658
A629,NM_003347,0.639
A1972,NM_012864,0.929
A31,BD135193,0.753
A1145,NM_001001481,0.962
T136,EGFP,0.587
A1616,NM_006357,0.805
A1679,NM_021988,0.73
B246,M60857,0.512
T293,EGFP,0.827
T147,EGFP,0.208
A641,NM_003347,0.775
S169,NM_000189,0.59
S161,NM_000189,0.84
B180,M60857,0.942
A1425,NM_003348,0.542
T239,EGFP,0.529
A1108,NM_014176,1.008
S93,NM_001530,0.85
A1016,NM_016406,0.835
T30,EGFP,0.324
T223,EGFP,0.309
A2024,NM_012864,0.537
A740,NM_003344,0.917
A2075,NM_012864,1.037
A2174,NM_025237,0.695
T673,EGFP,0.696
A2156,NM_025237,0.496
A2134,NM_025237,0.606
B146,U47298,0.711
A1617,NM_006357,0.885
A1354,NM_053656,0.386
A1462,NM_003348,0.398
A1686,NM_021988,0.538
A2323,NM_007019,0.869
A2010,NM_012864,0.874
B388,J03132,0.59
S245,NM_001098540,0.79
A428,XM_371822,0.986
T275,EGFP,0.574
T679,EGFP,0.474
A2140,NM_025237,0.66
A2334,NM_007019,0.881
B128,U47298,0.875
T66,EGFP,0.684
A223,NM_003337,0.499
A349,NM_003969,0.53
A1319,NM_005339,0.458
A736,NM_003344,1.016
A989,NM_016406,0.999
A1697,NM_021988,0.95
A1702,NM_021988,0.494
A1835,XM_214061,0.322
A1738,NM_022005,0.507
A678,NM_003347,0.462
T335,EGFP,0.76
A413,XM_371822,0.707
A1588,NM_006357,0.697
T134,EGFP,0.454
S172,NM_000189,0.83
A1460,NM_003348,0.506
A2293,NM_007019,0.718
A2369,NM_002559,0.534
A245,NM_003337,0.757
B249,M60857,0.485
A611,NM_015213,0.537
A487,XM_371822,0.396
A1576,NM_006357,0.72
A239,NM_003337,0.5
A131,NM_003340,0.565
A102,NM_004359,0.722
A2413,NM_002559,0.592
A89,NM_004359,0.829
A1471,NM_003348,0.782
A1289,NM_005339,0.723
A186,NM_003340,0.352
A381,XM_371822,0.724
A2175,NM_025237,0.788
A485,XM_371822,0.72
A1957,NM_017346,0.407
S270,NM_001098540,0.98
T118,EGFP,0.485
T589,EGFP,0.819
A502,XM_371822,0.844
S211,NM_001098540,0.88
A517,NM_015213,0.606
B61,U47298,0.3
S247,NM_001098540,0.42
A520,NM_015213,0.777
A1412,NM_003348,0.402
A696,NM_003344,1.039
A1923,XM_214061,0.843
A2015,NM_012864,0.721
A1714,NM_022005,0.943
T354,EGFP,0.66
A613,NM_015213,0.249
A2258,NM_005450,0.884
T304,EGFP,0.634
S24,NM_001530,0.63
A1446,NM_003348,0.64
A1676,NM_021988,0.92
A868,NM_014501,0.463
A600,NM_015213,0.654
S48,NM_001530,0.8
A1409,NM_003348,0.854
A227,NM_003337,0.531
A850,NM_014501,0.394
T149,EGFP,0.388
T86,EGFP,0.389
T215,EGFP,0.584
T611,EGFP,0.341
B23,AH001498,0.98
A933,NM_004223,0.53
T266,EGFP,0.53
A545,NM_015213,0.523
A2227,NM_005450,0.857
A1179,NM_001001481,0.993
A1306,NM_005339,0.654
T2,EGFP,0.777
A1346,NM_053656,0.647
A1712,NM_022005,0.953
A275,NM_003337,0.728
A421,XM_371822,0.819
A700,NM_003344,0.614
A15,BD135193,0.759
A1913,XM_214061,0.353
S199,NM_000189,0.84
B156,U47298,0.476
A2237,NM_005450,0.783
T91,EGFP,0.444
T299,EGFP,0.691
T364,EGFP,0.525
A1573,NM_006357,0.343
S184,NM_000189,0.55
A1459,NM_003348,0.471
A627,NM_015213,0.541
B299,NM_020548,0.06
A704,NM_003344,0.494
A2032,NM_012864,0.942
T626,EGFP,0.921
A483,XM_371822,0.395
S83,NM_001530,0.6
A993,NM_016406,1.126
T135,EGFP,0.53
A183,NM_003340,0.444
A643,NM_003347,0.614
A351,NM_003969,0.589
A986,NM_016406,1.227
B45,U47298,0.858
A1561,NM_006357,0.887
B350,U92436,0.73
A1841,XM_214061,0.693
A224,NM_003337,0.727
A1059,NM_014176,0.756
A71,NM_004359,0.893
A2277,NM_007019,0.861
A2104,NM_012864,1.041
S188,NM_000189,0.88
A1786,XM_214061,0.791
T309,EGFP,0.804
T540,EGFP,0.575
B119,U47298,0.897
A1742,NM_022005,0.857
A1316,NM_005339,0.857
B76,U47298,0.968
S294,NM_001098540,0.5
A1076,NM_014176,0.685
A2173,NM_025237,0.526
B24,AH001498,0.81
T25,EGFP,0.254
S50,NM_001530,0.9
A445,XM_371822,0.0
A165,NM_003340,0.83
A784,NM_003345,0.864
B116,U47298,0.902
T690,EGFP,0.251
A748,NM_003344,0.98
T14,EGFP,0.662
A207,NM_003337,0.827
A1325,NM_053656,0.427
S39,NM_001530,0.17
B63,U47298,0.735
A894,NM_014501,0.887
S159,NM_000189,0.85
A1485,NM_003342,0.638
A781,NM_003345,0.892
T654,EGFP,0.719
A747,NM_003344,0.777
A1194,NM_016021,0.959
A1094,NM_014176,0.631
A2160,NM_025237,0.647
T28,EGFP,0.284
T80,EGFP,0.733
A2261,NM_005450,0.514
A480,XM_371822,0.668
A977,NM_016406,0.699
A1843,XM_214061,0.797
A1036,NM_016406,0.566
A1906,XM_214061,0.72
A1083,NM_014176,0.878
T442,EGFP,0.759
A846,NM_014501,0.485
S233,NM_001098540,0.71
B170,U47298,0.203
T186,EGFP,0.3
A1411,NM_003348,0.439
T208,EGFP,0.812
A2145,NM_025237,0.645
T652,EGFP,0.788
A274,NM_003337,0.742
T246,EGFP,0.44
A1315,NM_005339,0.813
T456,EGFP,0.611
A490,XM_371822,0.873
T109,EGFP,0.313
A1705,NM_021988,0.714
A61,BD135193,0.804
A1352,NM_053656,0.619
A1678,NM_021988,0.388
A2081,NM_012864,1.0
A1256,NM_005339,0.676
A154,NM_003340,0.974
A1260,NM_005339,0.825
B286,NM_031313,0.165
T7,EGFP,0.536
T200,EGFP,0.621
A942,NM_004223,0.537
A93,NM_004359,0.459
A2330,NM_007019,0.717
A120,NM_004359,0.643
A1966,NM_017346,0.794
A2292,NM_007019,0.633
A2372,NM_002559,0.468
A256,NM_003337,0.825
B179,M60857,0.946
A1704,NM_021988,0.535
B239,M60857,0.639
T443,EGFP,0.967
T481,EGFP,0.941
A220,NM_003337,0.51
A650,NM_003347,0.417
A459,XM_371822,0.731
A1987,NM_012864,0.618
T668,EGFP,0.3
S299,NM_001098540,0.93
A42,BD135193,0.72
A1120,NM_001001481,0.967
A1296,NM_005339,0.827
B5,AH001498,0.98
A242,NM_003337,0.467
A651,NM_003347,0.73
A347,NM_003969,0.699
A68,NM_004359,0.627
T407,EGFP,0.555
A1364,NM_053656,0.728
T688,EGFP,0.219
A1791,XM_214061,0.848
A2022,NM_012864,0.591
A508,NM_015213,0.426
A940,NM_004223,0.867
B186,M60857,0.927
A1856,XM_214061,0.826
A1818,XM_214061,0.387
S124,NM_000189,0.74
B288,U47296,0.977
A527,NM_015213,0.49
A2267,NM_007019,0.905
T533,EGFP,0.646
S354,NM_001904,0.92
A680,NM_003347,1.115
S95,NM_001530,0.92
T328,EGFP,0.766
T261,EGFP,0.619
T51,EGFP,0.522
A916,NM_004223,0.59
T696,EGFP,0.568
A2411,NM_002559,0.502
T461,EGFP,0.822
T486,EGFP,0.937
A1082,NM_014176,0.961
A430,XM_371822,0.886
A2181,NM_025237,0.444
A2200,NM_005450,0.754
S258,NM_001098540,0.88
A1398,NM_003348,1.003
A1544,NM_003342,0.931
T426,EGFP,0.74
A2152,NM_025237,0.522
A1063,NM_014176,0.527
A1342,NM_053656,0.726
A1228,NM_016021,0.914
A2121,NM_025237,0.538
A2054,NM_012864,1.194
A2179,NM_025237,0.867
B414,U47298,0.911
T326,EGFP,0.549
A2006,NM_012864,0.326
A2176,NM_025237,0.697
A118,NM_004359,0.74
A1404,NM_003348,0.611
B195,M60857,0.888
T569,EGFP,0.42
T430,EGFP,0.692
T108,EGFP,0.544
A1268,NM_005339,0.871
A1096,NM_014176,0.785
A1377,NM_053656,0.794
B322,NM_002046,0.386
B231,M60857,0.717
A338,NM_003969,0.656
A1349,NM_053656,0.768
A435,XM_371822,0.127
A402,XM_371822,0.723
A833,NM_014501,0.701
A2138,NM_025237,0.358
A2184,NM_025237,0.687
A2253,NM_005450,0.793
T594,EGFP,0.406
S307,NM_001098540,0.84
B154,U47298,0.588
A1285,NM_005339,0.76
A1590,NM_006357,0.425
A1279,NM_005339,0.71
A62,BD135193,0.723
T459,EGFP,0.38
A2183,NM_025237,0.498
A818,NM_014501,0.572
A1230,NM_016021,0.641
T98,EGFP,0.397
A1431,NM_003348,0.355
B67,U47298,0.933
A1910,XM_214061,0.553
S300,NM_001098540,0.84
A2327,NM_007019,0.806
A1520,NM_003342,0.76
A2003,NM_012864,0.811
A717,NM_003344,0.81
A1269,NM_005339,0.474
B354,U92436,0.09
A1327,NM_053656,0.608
S259,NM_001098540,0.93
A1726,NM_022005,0.556
S200,NM_001098540,0.94
S185,NM_000189,0.43
S209,NM_001098540,0.95
S167,NM_000189,0.7
A148,NM_003340,0.556
A139,NM_003340,0.27
A1948,NM_017346,0.634
T452,EGFP,0.697
T663,EGFP,0.309
A836,NM_014501,0.498
B390,J03132,0.2
A1122,NM_001001481,0.827
A2273,NM_007019,0.931
A1825,XM_214061,0.353
A1597,NM_006357,0.382
A1836,XM_214061,0.331
T577,EGFP,0.385
A771,NM_003345,0.592
A845,NM_014501,0.443
A2260,NM_005450,0.427
T302,EGFP,0.721
A1496,NM_003342,0.54
A1002,NM_016406,0.782
A1514,NM_003342,0.392
A14,BD135193,0.651
S190,NM_000189,0.87
A1755,NM_022005,0.486
A484,XM_371822,0.693
A970,NM_016406,1.071
A85,NM_004359,0.766
A954,NM_004223,0.799
S10,NM_001530,0.14
A194,NM_003340,0.661
B240,M60857,0.603
A2313,NM_007019,0.937
T641,EGFP,0.476
A928,NM_004223,0.74
A665,NM_003347,0.501
B149,U47298,0.67
T546,EGFP,0.531
A2297,NM_007019,0.492
A2320,NM_007019,0.87
T451,EGFP,0.438
A961,NM_004223,1.072
T233,EGFP,0.827
A1029,NM_016406,0.991
A1812,XM_214061,0.43
A1132,NM_001001481,0.85
S138,NM_000189,0.52
A1452,NM_003348,0.961
B396,J03132,0.58
A1121,NM_001001481,0.964
A603,NM_015213,0.453
T77,EGFP,0.532
A130,NM_003340,0.445
B339,U92436,0.25
A448,XM_371822,0.463
A1139,NM_001001481,0.733
B226,M60857,0.753
A162,NM_003340,0.833
A1669,NM_021988,0.571
B169,U47298,0.249
A1150,NM_001001481,1.083
A182,NM_003340,0.486
A1615,NM_006357,0.82
A293,NM_003969,0.654
A229,NM_003337,0.608
A690,NM_003344,0.776
A2290,NM_007019,0.286
T600,EGFP,0.671
S219,NM_001098540,0.87
T656,EGFP,0.862
B51,U47298,0.538
A189,NM_003340,1.003
B83,NM_001632,0.49
A465,XM_371822,0.615
S23,NM_001530,0.9
A614,NM_015213,0.742
A420,XM_371822,0.758
A2014,NM_012864,1.184
A2072,NM_012864,0.538
A676,NM_003347,0.587
T324,EGFP,0.719
A1605,NM_006357,0.905
A749,NM_003344,0.711
A40,BD135193,0.761
A770,NM_003345,0.801
A2035,NM_012864,0.973
T409,EGFP,0.329
A1500,NM_003342,0.544
B348,U92436,0.49
A580,NM_015213,0.441
B320,NM_002046,0.942
T263,EGFP,0.558
A1286,NM_005339,0.812
A2351,NM_002559,0.937
B131,U47298,0.868
T256,EGFP,0.408
B227,M60857,0.745
T277,EGFP,0.374
S81,NM_001530,0.93
A1603,NM_006357,0.595
T447,EGFP,0.53
A536,NM_015213,0.371
A1805,XM_214061,0.776
A2120,NM_025237,0.507
A802,NM_003345,0.839
T441,EGFP,0.72
T498,EGFP,0.576
A2123,NM_025237,0.613
A2141,NM_025237,0.505
A653,NM_003347,0.828
T509,EGFP,0.498
T505,EGFP,0.364
A1646,NM_021988,0.777
A94,NM_004359,0.682
S139,NM_000189,0.9
A241,NM_003337,0.479
A2336,NM_007019,0.904
A140,NM_003340,0.642
A1430,NM_003348,0.345
A1921,XM_214061,0.615
A2106,NM_012864,0.468
S256,NM_001098540,0.93
T516,EGFP,0.275
A1798,XM_214061,0.52
T474,EGFP,0.684
A2043,NM_012864,0.408
S302,NM_001098540,0.7
A2040,NM_012864,0.994
T476,EGFP,0.915
A2095,NM_012864,1.269
A2219,NM_005450,0.53
A1703,NM_021988,0.43
A2225,NM_005450,1.02
A464,XM_371822,0.727
T637,EGFP,0.777
S92,NM_001530,0.88
A1668,NM_021988,0.765
A1376,NM_053656,0.353
B121,U47298,0.892
A702,NM_003344,0.91
A813,NM_003345,0.569
A1110,NM_014176,0.632
A2049,NM_012864,1.069
T649,EGFP,0.629
A442,XM_371822,0.738
A838,NM_014501,0.567
A1523,NM_003342,0.748
T245,EGFP,0.521
S268,NM_001098540,0.55
A991,NM_016406,1.081
A358,XM_371822,0.857
A2213,NM_005450,0.518
A64,BD135193,0.757
A496,XM_371822,0.342
A2356,NM_002559,0.135
A1785,XM_214061,0.663
S177,NM_000189,0.79
S328,NM_004456,0.69
A1231,NM_016021,0.726
A1493,NM_003342,0.898
A1450,NM_003348,0.875
S244,NM_001098540,0.73
A546,NM_015213,0.288
B163,U47298,0.388
B184,M60857,0.928
A2347,NM_002559,0.802
S113,NM_000189,0.77
A1474,NM_003348,0.36
A1012,NM_016406,0.568
T303,EGFP,0.471
A4,BD135193,0.364
A1185,NM_001001481,1.135
A2387,NM_002559,0.385
A1902,XM_214061,0.656
A470,XM_371822,0.687
T381,EGFP,0.582
T236,EGFP,0.635
A763,NM_003345,0.744
T204,EGFP,0.795
S353,NM_001904,0.9
A1436,NM_003348,0.528
A725,NM_003344,1.064
A1733,NM_022005,0.765
A1699,NM_021988,0.837
A2034,NM_012864,0.905
T158,EGFP,0.085
A174,NM_003340,0.623
A1696,NM_021988,0.814
T237,EGFP,0.647
A1630,NM_006357,0.89
A1782,XM_214061,0.845
S301,NM_001098540,0.63
A1163,NM_001001481,0.747
T347,EGFP,0.556
A1501,NM_003342,0.893
B381,J03132,0.3
A1904,XM_214061,0.609
A2132,NM_025237,0.712
A2338,NM_007019,0.852
T510,EGFP,0.411
A605,NM_015213,0.5
A1740,NM_022005,0.329
A1953,NM_017346,0.541
A115,NM_004359,0.598
A670,NM_003347,0.9
A2158,NM_025237,0.51
A1022,NM_016406,0.864
A1043,NM_014176,0.803
A1408,NM_003348,0.94
A1629,NM_006357,0.893
A1565,NM_006357,0.711
A2262,NM_005450,0.602
B90,NM_001632,0.6
A828,NM_014501,0.43
T162,EGFP,0.15
S149,NM_000189,0.83
B160,U47298,0.442
B410,J03132,0.41
B324,NM_002046,0.43
A2319,NM_007019,0.677
T689,EGFP,0.114
B317,NM_002046,0.698
S157,NM_000189,0.54
T225,EGFP,0.327
T10,EGFP,0.563
A2300,NM_007019,0.83
A1700,NM_021988,0.96
T159,EGFP,0.288
A161,NM_003340,0.7
T512,EGFP,0.467
T125,EGFP,0.873
A1365,NM_053656,0.628
A2171,NM_025237,0.722
B332,NM_002046,0.776
A2070,NM_012864,0.019
T55,EGFP,0.372
S215,NM_001098540,0.67
A1178,NM_001001481,1.152
A262,NM_003337,0.862
A592,NM_015213,0.385
A2397,NM_002559,0.373
A1195,NM_016021,0.988
A82,NM_004359,0.43
A610,NM_015213,0.513
A1142,NM_001001481,0.662
A1257,NM_005339,0.68
A475,XM_371822,0.604
A1604,NM_006357,0.528
A2019,NM_012864,0.508
T433,EGFP,0.685
T57,EGFP,0.351
T284,EGFP,0.938
A20,BD135193,0.537
T276,EGFP,0.452
A1235,NM_016021,0.84
A319,NM_003969,0.921
S195,NM_000189,0.53
A909,NM_004223,0.716
T13,EGFP,0.316
A879,NM_014501,0.446
A2112,NM_012864,0.944
B189,M60857,0.919
A2186,NM_025237,0.824
A2150,NM_025237,0.521
A1545,NM_003342,0.683
A2000,NM_012864,0.698
A522,NM_015213,0.807
A443,XM_371822,0.513
A1027,NM_016406,0.788
B35,AH001498,0.86
A1942,NM_017346,0.736
S156,NM_000189,0.75
T398,EGFP,0.806
S38,NM_001530,0.89
B391,J03132,0.52
T332,EGFP,0.651
T503,EGFP,0.778
A1959,NM_017346,0.632
A816,NM_014501,0.824
T538,EGFP,0.587
S51,NM_001530,0.53
A521,NM_015213,0.409
S236,NM_001098540,0.94
A1732,NM_022005,0.458
B293,U47296,0.897
T362,EGFP,0.777
A1978,NM_012864,1.074
A1353,NM_053656,0.809
A142,NM_003340,0.806
B104,U47298,0.936
A1186,NM_001001481,1.156
S29,NM_001530,0.84
T660,EGFP,0.527
A960,NM_004223,0.971
A8,BD135193,0.436
A2285,NM_007019,0.488
A2117,NM_012864,0.679
T198,EGFP,0.597
A304,NM_003969,0.67
S229,NM_001098540,0.89
A1886,XM_214061,0.867
S84,NM_001530,0.92
A1928,NM_017346,0.524
S261,NM_001098540,0.88
A723,NM_003344,0.999
B198,M60857,0.881
A2346,NM_002559,0.941
A859,NM_014501,0.856
A149,NM_003340,0.433
T146,EGFP,0.354
A1407,NM_003348,0.775
T247,EGFP,0.568
T609,EGFP,0.516
S315,NM_002467,0.18
T640,EGFP,0.588
A1046,NM_014176,1.01
A1361,NM_053656,0.649
A1777,NM_022005,0.667
B259,M60857,0.214
T68,EGFP,0.552
A971,NM_016406,0.732
A1088,NM_014176,0.568
A826,NM_014501,0.43
S90,NM_001530,0.58
A1763,NM_022005,0.854
A1622,NM_006357,0.828
A407,XM_371822,0.574
A547,NM_015213,0.632
A1765,NM_022005,0.634
T467,EGFP,0.729
A637,NM_003347,0.517
A2057,NM_012864,1.04
A636,NM_003347,0.376
T111,EGFP,0.193
T477,EGFP,0.743
A1498,NM_003342,0.654
A2149,NM_025237,0.846
B290,U47296,0.386
B143,U47298,0.748
T294,EGFP,0.402
B111,U47298,0.923
A92,NM_004359,0.552
A1730,NM_022005,0.467
B22,AH001498,0.96
A2367,NM_002559,0.431
A2087,NM_012864,1.133
A1301,NM_005339,0.739
T32,EGFP,0.61
A1625,NM_006357,0.698
A2029,NM_012864,0.105
A198,NM_003340,0.329
B8,AH001498,0.95
S30,NM_001530,0.23
A2283,NM_007019,0.454
T211,EGFP,0.586
A1826,XM_214061,0.896
S304,NM_001098540,0.85
A1797,XM_214061,0.628
A1945,NM_017346,0.591
S122,NM_000189,0.76
T664,EGFP,0.398
B136,U47298,0.807
T360,EGFP,0.577
T365,EGFP,0.701
S41,NM_001530,0.8
S47,NM_001530,0.9
S253,NM_001098540,0.93
A2069,NM_012864,0.887
A2002,NM_012864,0.618
B289,U47296,0.555
B351,U92436,0.75
T117,EGFP,0.308
A1844,XM_214061,0.696
B11,AH001498,0.9
A1324,NM_053656,0.468
A778,NM_003345,0.883
A1378,NM_053656,0.423
B140,U47298,0.782
A52,BD135193,0.746
A682,NM_003344,0.719
T343,EGFP,0.269
S5,NM_001530,0.73
A1077,NM_014176,0.533
A2239,NM_005450,0.718
A1746,NM_022005,0.907
T224,EGFP,0.628
A1203,NM_016021,0.474
A159,NM_003340,0.488
A701,NM_003344,0.553
S290,NM_001098540,0.77
B43,AH001498,0.52
A124,NM_004359,0.476
A234,NM_003337,0.744
A788,NM_003345,0.873
T126,EGFP,0.752
A1611,NM_006357,0.511
A1871,XM_214061,0.824
T151,EGFP,0.168
A259,NM_003337,0.723
A1037,NM_014176,1.016
A1065,NM_014176,0.794
